<?xml version='1.0' encoding='utf-8'?>
<data><tanggalPost>12 March </tanggalPost><tanggalFetch>28/03/2020 22:39:05</tanggalFetch><judul>10 Aksi Nyata Kurangi Sampah di Laut</judul><author>-</author><isi>Diperlukan aksi nyata yang terstruktur untuk mengurangi sampah yang masuk ke laut. Berikut adalah 10 aksi yang bisa diterapkan guna mengurangi sampah di lautan.
Pertama; menciptakan regulasi yang ketat
Kedua; melarang merokok di kawasan pantai
Ketiga; berinvestasi menciptakan produk yang tidak meracuni laut
Keempat; menghentikan kebiasaan membuang sampah sembarangan
Kelima; mengelola persampahan dengan baik
Keenam; melarang  pemakaian kantong plastik
Ketujuh; menggalakkan penggunaan tas pakai ulang
Kedelapan; memaparkan fakta sebenarnya mengenai kerusakan akibat sampah di lautan
Kesembilan; melakukan kerja bakti membersihkan pantai
Kesepuluh; menggalakkan proses daur ulang sampah
Mana yang sudah Anda lakukan?
Redaksi Hijauku.com</isi></data>