<?xml version='1.0' encoding='utf-8'?>
<data><tanggalPost>18 January </tanggalPost><tanggalFetch>28/03/2020 22:41:49</tanggalFetch><judul>10 Aksi Perubahan Iklim Terbaru</judul><author>-</author><isi>Sepuluh kiat aksi perubahan iklim terbaru ini akan memberikan informasi mengenai jenis aksi ramah lingkungan dan manfaatnya mengurangi emisi gas rumah kaca. Mulai dari mengganti lampu di rumah ada dengan lampu ramah lingkungan hingga menjaga tenanan ban ideal untuk menghemat energi dan mengurangi polusi. Ide untuk aksi perubahan iklim ada di lingkungan kita dan di kehidupan kita sehari-hari. Mari beraksi atasi risiko perubahan iklim.
Redaksi Hijauku.com</isi></data>