<?xml version='1.0' encoding='utf-8'?>
<data><tanggalPost>-</tanggalPost><tanggalFetch>28/03/2020 10:25:30</tanggalFetch><judul>10 CIRI FISIK PADA IKAN ARWANA</judul><author>-</author><isi>Ikan Arwana merupakan salah satu ikan air tawar yang paling mahal di dunia. Ikan ini merupakan salah satu ikan hias dari Asia Tenggara. Ikan ini memiliki ciri-ciri sesuai dengan jenisnya. Karena ikan hias jenis Arwana memiliki banyak jenis, maka saya Ikanhiaspopuler akan membahas secara umum.
Untuk mempersingkat waktu langsung saja kita bahas beberapa ciri-ciri ikan Arwana secara umum. Berikut ulasanya:
Ikan Arwana yang ada di Indonesia umumnya adalah ikan Arwana dari Asia Tenggara sehingga biasanya memiliki badan yang panjang; sirip dubur terletak jauh di belakang badan.
Jika dilihat dari warnanya ikan ini memiliki banyak warna seperti misalnya keperak-perakan (Arwana Asia), Merah, ditemukan di Indonesia, Emas, ditemukan di Malaysia, Emas dengan ekor merah, ditemukan di Indonesia dan Hijau, ditemukan di Indonesia, Vietnam, Birma, Thailand, dan Malaysia.
Jika dilihat dari ciri fisik maka ikan Arwana memiliki badan dan kepala arwana agak padat. Pada ujung mulut sedikit runding seperti perahu. Mulutnya mengarah keatas dan mempunyai sepasang sungut pada bibir bawah.
Ikan Arwana bila diperhatikan dari bentuk tubuhnya maka memiliki tubuh tipis punggungnyadatar, hampir lurus dari mulut hingga sirip punggung.
Pada sisik Ikan Arwana seperti yang telah diselidiki Ikanhiaspopule, maka ikan Arwana memiliki gurat sisi yang terletak di samping kiri dan kanan tubuh arwana panjangnya antara 20-24 cm. Ini bisa diamati langsung dari dekat. Makanya kalau mau tau cirinya beli dulu ikannya tapi agak mahal.
Meski mulut terlihat runcing namun jika diperhatikan lebih dekat ikan arwana memiliki mulut lebar dan rahangnya cukup kokoh. Mulut bisa terbuka lebar hingga kesamping dibawah mata.
Ikan Arwana memiliki insangnya dilengkapi dengan penutup insang. Jika kita membuka mulutnya maka anda dapat melihat gigih berjumlah 15-17.
Ikan Arwana memiliki sirip anus lebih panjang daripada sirip punggung (dorsal), hampir mencapai sirip perut (ventral). Sirip punggungnya berdekatan dengan pangkal sirip ekor (caudal). Bila anda melihat dari sisi ukuranya, Ikan Arwana biasanya tubuh antara 30-80 cm ketika sudah dewasa. Ikan ini memiliki sisik besar meliuk-liuk indah saat berenang di akuarium dengan bentuk badan kepeng.
Ikan Arwana juga dikenal dengan Ikan naga karena pada mulutnya terdapat dua sungut  terdapat dibawah bibir sehingga ikan ini telihat mirip liong atau naga. Tidak mengherankan jika sebagian masyarakat menyebutnya dengan kimliong atau ikan naga emas.
Ikan Arwana merupakan ikan yang sedikit makan sehingga bentuk perutnya tidak telihat jelas. Jika diperhatikan maka bentuk ikan ini sama luas mulai dari Insang Hingga pusar. Bahkan ada ikan Arwana yang memiliki kesamaan luas badan sampai pada dibawah sirip belakang.
Nah demikian 10 ciri-ciri umum yang dimiliki Ikan Arwana semoga bermanfaat.
SHARE THIS:
Click to share on Twitter (Opens in new window)
Click to share on Facebook (Opens in new window)</isi></data>