<?xml version='1.0' encoding='utf-8'?>
<data><tanggalPost>-</tanggalPost><tanggalFetch>28/03/2020 10:18:32</tanggalFetch><judul>10 FAKTA MENARIK MENGENAI KARANG LAUT</judul><author>-</author><isi>Jika Anda pernah mengunjungi akuarium atau pergi snorkeling saat berlibur, Anda mungkin akrab dengan beragam jenis karang. Anda bahkan mungkin tahu bahwa karang memainkan peran mendasar dalam menentukan struktur terumbu karang laut, ekosistem yang paling kompleks dan beragam di lautan planet kita. Tapi yang tidak disadari banyak orang adalah makhluk-makhluk ini, yang menyerupai persilangan antara batuan berwarna-warni dan berbagai bit rumput laut, sebenarnya adalah binatang.
Dan hewan yang menakjubkan pada saat itu.
Pada artikel ini, Hewanpedia ingin menjelajahi sepuluh hal yang harus kita ketahui tentang karang, apa yang membuat mereka hewan dan apa yang membuat mereka begitu unik.
FAKTA: Karang milik Phylum Cnidaria. Hewan lain yang termasuk dalam Phylum Cnidaria termasuk ubur-ubur, hydrae, dan anemon laut. Cnidaria adalah invertebrata (mereka tidak memiliki tulang punggung) dan semua memiliki sel khusus yang disebut nematocysts yang membantu mereka menangkap mangsa dan mempertahankan diri. Cnidaria menunjukkan simetri radial.
FAKTA: Karang milik Anthozoa Kelas (subkelompok Phylum Cnidaria). Anggota kelompok hewan ini memiliki struktur seperti bunga yang disebut polip. Mereka memiliki rencana tubuh sederhana di mana makanan masuk dan keluar dari rongga gastrovaskular (kantung perut) melalui lubang tunggal.
FAKTA: Karang biasanya membentuk koloni yang terdiri dari banyak individu. Koloni karang tumbuh dari individu pendiri tunggal yang membelah berulang kali. Koloni karang terdiri dari basa yang menempel pada karang ke terumbu, permukaan bagian atas yang terkena cahaya dan ratusan polip.
FAKTA: Istilah ‘coral’ mengacu pada sejumlah hewan yang berbeda. Ini termasuk karang keras, kipas laut, bulu laut, pena laut, pansy laut, karang pipa organ, karang hitam, karang lunak, karang penangkap karang cambuk.
FAKTA: Karang keras memiliki kerangka putih yang terbuat dari batu kapur (kalsium karbonat). Karang keras adalah pembangun karang dan bertanggung jawab atas terciptanya struktur terumbu karang.
FAKTA: Karang lunak tidak memiliki kerangka batu kapur kaku yang dimiliki oleh karang keras. Sebagai gantinya, mereka memiliki kristal batu kapur kecil (disebut sclerites) yang disematkan di jaringan mirip jeli mereka.
FAKTA: Banyak karang memiliki zooxanthella di dalam jaringan mereka. Zooxanthellae adalah alga yang membentuk hubungan simbiosis dengan karang dengan menghasilkan senyawa organik yang digunakan oleh polip karang. Sumber makanan ini memungkinkan karang tumbuh lebih cepat daripada tanpa zooxanthellae.
FAKTA: Karang menghuni berbagai habitat dan daerah. Beberapa spesies karang keras soliter ditemukan di perairan beriklim sedang dan bahkan polar dan ada sejauh 6000 meter di bawah permukaan air.
FAKTA: Karang langka dalam rekaman fosil. Mereka pertama kali muncul dalam periode Kambria, 570 juta tahun yang lalu. Karang terumbu karang muncul pada pertengahan periode Trias antara 251 dan 220 juta tahun yang lalu.
FAKTA: Karang pengumpul angin tumbuh pada sudut siku-siku sampai arus air. Hal ini memungkinkan mereka untuk secara efisien menyaring plankton dari air yang lewat.
5 / 5 ( 1 vote )
SHARE THIS:
Click to share on Twitter (Opens in new window)
Click to share on Facebook (Opens in new window)</isi></data>