<?xml version='1.0' encoding='utf-8'?>
<data><tanggalPost>-</tanggalPost><tanggalFetch>28/03/2020 10:10:44</tanggalFetch><judul>10 FAKTA MENARIK MENGENAI BURUNG PELIKAN</judul><author>-</author><isi>Pelikan dan kerabat mereka adalah sekelompok burung yang mencakup burung booby biru, pelikan coklat, burung garbu merah, burung kormoran, gannet, dan frigatebird besar. Pelikan dan kerabat mereka memiliki kaki berselaput dan beradaptasi dengan baik untuk menangkap ikan, sumber makanan utama mereka. Banyak spesies menyelam atau berenang di bawah air untuk menangkap mangsa mereka.
FAKTA: Pelikan dan kerabat mereka adalah anggota Ordo Pelecaniformes. Anggota Ordo Pelecaniformes termasuk pelicans, tropicbirds, boobies, darters, gannet, cormorants dan frigatebirds. Ada enam keluarga dan sekitar 65 spesies di Order Pelecaniformes.
FAKTA: Pelikan dan kerabat mereka adalah satu-satunya kelompok burung yang memiliki selaput jaring di antara keempat jari kakinya. Pelecaniformes adalah perenang yang kuat dan memiliki kaki berselaput besar yang memungkinkan mereka untuk secara efisien mendorong diri mereka sendiri melalui air dan mengendalikan arah mereka.
FAKTA: Pelikan dan keluarga mereka menggunakan berbagai macam perilaku makan yang berbeda-beda dari satu spesies ke spesies lainnya. Beberapa spesies seperti gannet dan tropicbirds menyelam ke dalam air dengan kecepatan tinggi untuk menangkap mangsa mereka. Spesies lain seperti pelikan memiliki kantong yang memungkinkan mereka untuk menyendok ikan yang berenang di permukaan. Cormorants berenang di bawah air, mengejar mangsanya.
FAKTA: Cormorants and Darters memiliki bulu khusus yang menyerap air dan memungkinkan mereka menyelam lebih efisien. Karena bulu-bulu permukaan dari burung-burung seperti itu menyerap air dengan mudah, burung-burung itu kurang mengapung dan karenanya lebih mampu menyelam dan bermanuver di bawah permukaan.
FAKTA: Pelecaniformes sering berkembang biak di pulau-pulau terpencil atau tebing yang tidak dapat dijangkau. Lokasi semacam itu memungkinkan mereka untuk menghindari pemangsa dan juga bersarang di koloni besar.
FAKTA: Burung Gannet utara mungkin yang paling dramatis dari semua pelecaniformes dengan cara di mana ia memberi makan. Gannet utara terjun dari ketinggian hingga 150 kaki dan dengan kecepatan hingga 60 mph. Mereka melihat mangsa mereka sebelum mereka menyelam menggunakan penglihatan yang tajam dan kemudian melipat sayap mereka ke belakang saat jatuh ke dalam untuk membunuh.
FAKTA: Lubang hidung pelecaniformes adalah celah sempit atau tertutup. Adaptasi ini mencegah air dari dipaksa masuk ke saluran udara mereka ketika mereka menyelam ke dalam air. Karena lubang hidung mereka tertutup (atau hampir tertutup), pelikan dan sanak famili mereka bernafas melalui mulut mereka.
FAKTA: Pelikan awal muncul pada akhir periode Cretaceous. Ada beberapa kontroversi apakah pelecaniformes memiliki keturunan bersama atau tidak. Studi terbaru menunjukkan bahwa beberapa karakteristik bersama di antara berbagai sub kelompok pelaganiform adalah hasil dari evolusi konvergen.
FAKTA: Kebanyakan pelikaniformus memiliki kantung mulut yang menyerupai kantong. Pelikan memiliki kantong di tagihan bawah mereka yang memungkinkan mereka untuk meraup ikan. Spesies yang paling cocok untuk menyelam untuk menangkap mangsa (seperti burung kormoran) menelan batu yang membebani mereka dan membantu mereka terjun ke air lebih efisien. Mereka juga memiliki tubuh yang ramping dan lubang hidung yang sempit (untuk mencegah air masuk saat menyelam).
FAKTA: Burung angsa batu dengan kaki biru memiliki kaki yang paling dikenal dari semua penguin. Biru, kaki berselaput dari Burung angsa batu berkaki biru digunakan dalam tampilan pacaran dan untuk membantu menjaga telur mereka tetap hangat.
SHARE THIS:
Click to share on Twitter (Opens in new window)
Click to share on Facebook (Opens in new window)</isi></data>