<?xml version='1.0' encoding='utf-8'?>
<data><tanggalPost>-</tanggalPost><tanggalFetch>28/03/2020 10:18:02</tanggalFetch><judul>10 FAKTA MENARIK TENTANG LEBAH MADU</judul><author>-</author><isi>Tidak ada serangga lain yang melayani kebutuhan manusia seperti lebah madu. Selama berabad-abad, peternak lebah telah meningkatkan lebah madu, memanen madu manis yang mereka hasilkan dan mengandalkannya untuk menyerbuki tanaman. Lebah madu menyerbuki sekitar sepertiga dari seluruh tanaman pangan yang kita konsumsi. Berikut adalah 10 fakta tentang lebah madu yang mungkin tidak Anda ketahui.
Daftar isi konten dalam artikel ini
1. KECEPATAN LEBAH MADU BISA SAMPAI 15 MILE PER JAM.
2. SATU KOLONI DAPAT MENCAPAI SEKITAR 60.000 LEBAH.
3. RATA-RATA LEBAH MADU MEMPRODUKSI TENTANG 1 / 12 SENDOK TEH SEMASA HIDUPNYA.
4. RATU LEBAH HANYA BUTUH SATU KALI KAWIN UNTUK BISA HAMIL SEPANJANG HIDUPNYA.
5. RATA-RATA RATU LEBAH MENGHASILKAN 1.500 TELUR PER HARI, DAN MUNGKIN 1 JUTA TELUR DI SEMASA HIDUPNYA.
6. LEBAH MANDU MENGGUNAKAN BAHASA SYMBOLIK KOMPLEKS PALING KOMPLEKS DARI SETIAP HEWAN DI BUMI.
7. JANTAN AKAN MATI SETELAH KAWIN.
8. LEBAH MADU AKAN MATI-MATIAN MEJAGA SUHU SARANG.
9. LEBAH PEKERJA PANDAI DALAM MEMBANGUN SARANG.
10. LEBAH PEKERJA MUNGKIN MENGUNJUNGI 2.000 BUNGA PER HARI.
1. KECEPATAN LEBAH MADU BISA SAMPAI 15 MILE PER JAM.
Itu mungkin tampak cepat, tapi di dunia serangga, sebenarnya agak lambat. Lebah madu dibangun untuk perjalanan singkat dari bunga ke bunga, bukan untuk perjalanan jarak jauh. Sayap kecil mereka harus mengepak sekitar 12.000 kali per menit hanya untuk menjaga tubuh mereka yang mengandung serbuk sari tinggi-tinggi untuk penerbangan pulang.
2. SATU KOLONI DAPAT MENCAPAI SEKITAR 60.000 LEBAH.
Dibutuhkan banyak lebah untuk menyelesaikan semua pekerjaan. Perawat lebah merawat larva lebah, sementara petugas pembantu ratu memandikannya dan memberinya makan. Lebah penjaga berjaga di pintu. Pekerja konstruksi membangun pondasi lebah di mana sang ratu bertelur dan para pekerja menyimpan madu. ada yang membawa mayat dari sarangnya. Peternak harus membawa cukup serbuk sari dan nektar untuk memberi makan seluruh masyarakat.
3. RATA-RATA LEBAH MADU MEMPRODUKSI TENTANG 1 / 12 SENDOK TEH SEMASA HIDUPNYA.
Bagi lebah madu, ada kekuatan dalam jumlah. Dari musim semi ke musim gugur, lebah pekerja harus menghasilkan sekitar 60 lbs. dari madu untuk mempertahankan seluruh koloni selama musim dingin. Dibutuhkan puluhan ribu pekerja untuk menyelesaikan pekerjaan.
4. RATU LEBAH HANYA BUTUH SATU KALI KAWIN UNTUK BISA HAMIL SEPANJANG HIDUPNYA.
Si ratu lebah bisa hidup 3-4 tahun, tapi jam biologisnya kutu jauh lebih cepat dari perkiraan Anda. Seminggu setelah muncul dari sel ratu, ratu baru itu terbang dari sarang ke pasangan.
Jika dia tidak melakukannya dalam 20 hari, sudah terlambat; dia kehilangan kemampuannya untuk kawin. Jika berhasil, bagaimanapun, dia tidak perlu kawin lagi. Dia memegang sperma di spermatheca dan menggunakannya untuk menyuburkan telur sepanjang hidupnya.
5. RATA-RATA RATU LEBAH MENGHASILKAN 1.500 TELUR PER HARI, DAN MUNGKIN 1 JUTA TELUR DI SEMASA HIDUPNYA.
Hanya 48 jam setelah kawin, ratu memulai tugas seumur hidupnya untuk bertelur. Jadi lapisan telur yang subur adalah dia, dia bisa menghasilkan berat tubuhnya sendiri dalam telur dalam satu hari. Sebenarnya, dia tidak punya banyak waktu untuk melakukan pekerjaan lain, jadi pekerja petugas merawat semua perawatan dan pemberiannya.
6. LEBAH MANDU MENGGUNAKAN BAHASA SYMBOLIK KOMPLEKS PALING KOMPLEKS DARI SETIAP HEWAN DI BUMI.
Madu lebah mengepak sejuta neuron ke otak yang mengukur milimeter kubik belaka, dan mereka menggunakan semuanya. Lebah pekerja harus melakukan peran yang berbeda sepanjang hidup mereka. Peternak harus menemukan bunga, tentukan nilainya sebagai sumber makanan, navigasikan kembali ke rumah, dan bagikan informasi rinci tentang temuan mereka dengan pemelihara lainnya. Karl von Frisch menerima Hadiah Nobel dalam bidang Kedokteran pada tahun 1973 karena telah memecahkan kode bahasa lebah madu – tarian waggle.
7. JANTAN AKAN MATI SETELAH KAWIN.
Lebah madu jantan hanya melayani satu tujuan: mereka menyediakan sperma kepada ratu. Kira-kira seminggu setelah muncul dari sel mereka, drone siap untuk dikawinkan. Begitu mereka telah memenuhi tujuan itu, mereka mati.
8. LEBAH MADU AKAN MATI-MATIAN MEJAGA SUHU SARANG.
Saat suhu turun, lebah membentuk kelompok yang ketat di dalam sarang mereka agar tetap hangat. Petugas lebah madu berkerumun di sekitar ratu, mengisolasinya dari udara dingin luar. Di musim panas, para pekerja mengipas udara di dalam sarang dengan sayap mereka, menjaga ratu dan merenung karena kepanasan. Anda bisa mendengar dengungan semua sayap yang berdebar di dalam sarang dari jarak beberapa meter.
9. LEBAH PEKERJA PANDAI DALAM MEMBANGUN SARANG.
Lebah pekerja termuda membuat lilin lebah, dari mana para pekerja membangun sarang lebah. Delapan kelenjar berpasangan di bagian bawah perut menghasilkan tetesan lilin, yang mengeras menjadi serpih saat terkena udara.
Para pekerja harus mengerjakan serpihan lilin di mulut mereka untuk melembutkannya menjadi bahan konstruksi yang bisa dikerjakan.
10. LEBAH PEKERJA MUNGKIN MENGUNJUNGI 2.000 BUNGA PER HARI.
Dia tidak bisa membawa serbuk sari dari banyak bunga sekaligus, jadi dia akan mengunjungi 50-100 bunga sebelum pulang ke rumah. Sepanjang hari, dia mengulangi penerbangan pulang-pergi ini ke hijauan, yang membuat banyak keausan di tubuhnya. Seorang pekerja keras bisa hidup hanya 3 minggu.
SHARE THIS:
Click to share on Twitter (Opens in new window)
Click to share on Facebook (Opens in new window)</isi></data>