<?xml version='1.0' encoding='utf-8'?>
<data><tanggalPost>5 July 2018</tanggalPost><tanggalFetch>27/03/2020 23:12:37</tanggalFetch><judul>10 Jenis Ikan Air Tawar Paling Ganas di Dunia</judul><author>Akhyari Hananto dan Rahmadi Rahmad</author><isi>  Di penghujung Juni 2018, publik hangat membicarakan ikan Arapaima gigas yang dilepaskan pihak tak bertanggung jawab di Sungai Brantas, Mojokerto, Jawa Timur.
Ikan air tawar endemik Sungai Amazon di Amerika Selatan ini, sejatinya sudah dilarang masuk ke wilayah Indonesia berdasarkan   Peraturan Menteri Kelautan dan Perikanan Nomor 41 Tahun 2014. Mengapa ikan yang panjangnya bisa mencapai empat meter ini begitu ditakutkan kehadirannya?
Renny Kurnia Hadiaty, peneliti iktiologi atau biologi ikan dari Pusat Penelitian Biologi LIPI, dalam keterangan tertulisnya kepada media menjelaskan Arapaima gigas   sangat berbahaya bagi ikan asli Indonesia karena sifatnya yang predator. “Jenis yang dinamai Pirarucu   atau ikan merah oleh masyarakat sekitar Amazon ini tidak hanya memangsa ikan tetapi juga melahap udang, katak, hingga burung yang terbang di sekitar permukaan air.”
Renny melanjutkan, hadirnya Arapaima gigas   dipastikan menjadi pesaing ikan asli yang telah ada. Tidak hanya dalam hal makanan tetapi juga pemanfaatan ruang jelajah. “Ukurannya yang besar pastinya akan menghabisi satwa akuatik asli di perairan yang dimasukinya. Terlebih, jenis ini bisa beradaptasi di lingkungan yang tidak ideal sekalipun dan kemampuan reproduksinya hingga 50 ribu butir dalam sekali pembuahan,” jelasnya.
Baca: Ikan Arapaima, Ikan Berbahaya yang Masuk ke Indonesia
  Ikan Arapaima gigas. Foto: Rhett Butler/Mongabay.com
  Haryono dari Pusat Penelitian Biologi LIPI menambahkan, di negara asalnya Arapaima gigas  sudah mengalami   overfishing. Bahkan, Pemerintah Brasil telah mengeluarkan larangan untuk menangkapnya sejak 2001. Meski begitu, penangkapan ilegal terus terjadi sehingga diduga populasinya menurun.
“Arapaima gigas   yang dilepas di Sungai Brantas dan di perairan air tawar Indonesia harus ditangkap seluruhnya. Sosialisasi peraturan harus digiatkan agar pelaku, pengusaha, dan pemelihara ikan hias mengerti, hingga sanki yang harus diberikan,” jelasnya.
  Ikan Arapaima gigas. Foto: Rhett Butler/Mongabay.com
  Michael Risdianto dari Wild Water Indonesia, dalam keterangan tertulisnya menyayangkan pelepasan spesies asing invasif yang pastinya merugikan sumber ikan lokal dan lingkungan kita. “Ikan predator yang beratnya bisa mencapai 200 kilogram ini akan merusak keaslian ekosistem perairan Sungai Brantas. Untuk perairan Indonesia yang lebih baik, mari kita selamatkan ikan lokal dan jaga sumber mata air yang ada,” tandasnya.
Arapaima gigas   masuk Appendix II dalam daftar   Convention International Trade in Endangered   (CITES). Artinya, jenis ini belum mengalami kepunahan, namun harus diawasi perdagangannya agar tetap tejaga kelestariannya.
Baca: Ikan Endemik Sungai Brantas Terancam Keberadaan Arapaima
  Ikan Arapaima gigas. Sumber: Kementerian Kelautan dan Perikanan
  Selain Arapaima, sejatinya ada beberapa jenis ikan air tawar predator yang mematikan. Mongabay Indonesia telah mengumpulkan 10 ikan air tawar terganas dari berbagai sumber yang patut Anda ketahui.
  Ikan piranha dengan gigi runcing. Foto: Tiffany Roufs
  Piranha (Pygocentrus nattereri)
Jenis ini sudah mendapatkan reputasi sebagai ikan air tawar sangat berbahaya, dan sering ditampilkan dalam film-film thriller Hollywood. Piranha atau piraña adalah ikan air tawar terganas dan predator yang hidup di sungai-sungai di Amerika Selatan. Ikan ini  selalu mencari makan berkelompok, melahap satwa dengan cepat juga ikan, siput, serangga yang hinggap di air, hingga tanaman-tanaman sungai.
    Belut listrik. Sumber foto: Steven G. Johnson – Own work/Wikipedia under GFDL and CC-by-SA
  Belut listrik   (Electrophorus electricus)
Belut listrik sebenarnya adalah jenis ikan todak dan lebih terkait erat dengan ikan lele dibandingkan belut sejati. Ikan yang tidak biasa ini menghuni perairan di Amazon dan lembah Orinoco di Amerika Selatan, tempat mereka berburu mangsa dan mempertahankan diri dengan menghasilkan semburan listrik yang kuat dan mematikan.
Belut listrik menghirup udara dari permukaan untuk bernafas. Berkat organ internal khusus, ia dapat menghasilkan kejutan listrik lebih besar dari 500 volt. Itu cukup untuk membunuh manusia dewasa. Jenis ini hanya menyerang manusia jika terganggu dan cenderung hidup di air yang keruh dan stagnan.
    Ikan kepala ular (Channa argus). Sumber foto: Brian Gratwicke/Wikimedia Commons/CC BY 2.0
  Ikan kepala ular/snakehead
Ikan ini cukup ditakuti.   Para ahli biologi seringkali memperingatkan bahwa ikan air tawar ini dapat dengan mudah menghabisi hewan-hewan air tawar lain di Amerika Utara.
Predator ini terkenal rakus memburu makanan, memangsa invertebrata, katak, dan ikan yang lebih kecil, bahkan menyerang apa pun yang bergerak.
Snakehead dapat hidup di luar air hingga empat hari lamanya dan bisa bertahan dari kekeringan di sungai dengan menggali ke dalam lumpur.   Nama snakehead mengacu pada bentuk kepalanya yang menyerupai kepala ular.
    Ikan Muskellunge. Sumber foto: Engbretson, Eric / U.S. Fish and Wildlife Service/Wikimedia Commons
  Ikan Muskellunge (Esox masquinongy)
Ikan muskellunge (Esox masquinongy) adalah raja habitat air tawar di Amerika Utara, bisa tumbuh sepanjang 1,8 meter dan beratnya mencapai 32 kilogram.   Ikan ini masih berkerabat dengan barracuda, berbadan besar, panjang, bergigi tajam, dan tentu saja kuat. Muskellunge dapat dengan mudah menarik mangsanya yang besar ke bawah air.
    Pari air tawar raksasa. Sumber foto: Amelia Guo – Own work/Wikimedia Commons/CC BY 3.0
  Pari air tawar raksasa (Himantura chaophraya)
Ikan pari air tawar raksasa diketahui menghuni sungai-sungai di Asia Tenggara dan Australia utara, panjangnya hingga 5 meter dengan berat hingga 600 kilogram. Sangat sedikit informasinya, termasuk berapa banyak yang tersisa, dan apakah bisa hidup di air asin.
Jenis ini sulit dilihat, karena sering mengubur diri di sedimen sungai. Tubuhnya memiliki duri di pangkal ekor sepanjang 28 cm yang mengandung racun mematikan. Banyak ilmuwan takut bila ikan ini terancam akibat hilangnya habitat dan polusi air sungai.
    Ikan payara. Sumber foto: Enrico Richter – 2010/http://www.seriouslyfish.com/species/hydrolycus-scomberoides/
  Ikan Payara (Hydrolycus scomberoides)
Ikan ini disebut sebagai vampirnya dunia ikan. Ikan yang  yang banyak ditemukan di perairan air tawar di Amerika Selatan ini memiliki ciri khas  taring bawah yang panjang dan tajam.
Payara sangat licin, lincah, dan, memiliki warna silver mencolok. Tubuhnya, bisa sepanjang setengah meter dan giginya yang tajam dengan mudah menembus daging mangsanya. Mereka dikenal sebagai pemangsa ikan-ikan piranha.
  Ikan candiru. Sumber foto: The Natural History Museum/Alamy Stock Photo via BBC.com
    Ikan Candiru (Vandellia cirrhosa)
Ikan ini ukurannya kecil, sekitar 15 cm panjangnya. Namun karena ukurannya ini, ia menjadi salah satu ikan air tawar paling ditakuti di dunia. Biasanya, memakan insang ikan yang lebih besar di Amazon. Namun, selama beberapa abad terakhir telah ada laporan tentang makhluk-makhluk ini di uretra manusia, masuk melalui lubang-lubang tubuh.
Candiru adalah ikan parasit, sekali mereka masuk ke salah satu lubang, entah itu anus, vagina atau salurang kencing, mereka akan tinggal di sana dengan mencampur rasa sakit luar biasa. Sialnya, ikan ini tidak bisa dikeluarkan dengan cara biasa, hanya melalui operasi.
    Hiu banteng. Sumber foto: visitor from Walkers Cay Bahama’s/Wikimedia Commons/public domain
  Hiu banteng (Carcharhinus leucas)
Hiu ini banyak ditemukan di perairan dangkal dan hangat sepanjang pantai. Inilah mengapa sangat berbahaya bagi manusia. Hiu banteng bisa lama beredar di air tawar atau sungai meski bukan jenis hiu sungai sejati. Jenis ini memangsa ikan, penyu, burung, kerang, udang-udangan, bahkan mamalia darat.
    Aligator gar. Sumber foto: Greg Hume – Own work taken at the Cincinnati Zoo/Wikimedia Commons/CC BY-SA 3.0
  Aligator gar (Atractosteus spatula)
Ini adalah  jenis ikan aligator terbesar di dunia. Ikan ini  pada umumnya memiliki panjang 2,5 meter dengan berat 100 kg. Alligator gar biasanya memakan ikan kecil, serangga, mamalia air dan bahkan buaya berukuran kecil. Ikan ini sangat agresif, dan di berbagai negara dilarang untuk diperjualbelikan karena bisa merusak ekosistem alami sungai.
Oleh para ahli, Alligator gar dianggap sebagai fosil hidup. Ini dikarenakan tergolong primitif yang sudah ada sejak   ratusan juta tahun lalu. Jenis ini merupakan ikan asli Amerika Serikat bagian Selatan, yakni perairan sepanjang Texas dan Oklahoma juga Sungai Mississipi, Sungai Ohio dan Missouri hingga ke Meksiko. Giginya tajam menyeramkan, meski begitu belum ada laporan penyerangan terhadap manusia.
    Ikan macan. Sumber foto: Boulenger, George Albert; Loat, L/Wikimedia Commons/public domain
  Ikan macan (Hydrocynus vittatus)
Ikan ini hidup di sungai-sungai besar di Afrika, sebagai predator ganas dengan gigi-gigi tajam yang besar. Mereka sering berburu berkelompok dan sesekali memakan hewan besar.
  Referensi:
http://lipi.go.id/berita/Ancaman-Perairan-Tawar-Indonesia-dari-Sungai-Amazon/20822
https://www.conservationinstitute.org/10-largest-biggest-fresh-water-fish-in-the-world/
https://themysteriousworld.com/10-deadliest-fishes-in-the-world/
https://listverse.com/2012/12/25/10-terrifying-killer-fish/
https://www.nationalgeographic.com/environment/photos/scariest-freshwater-animals/
  Artikel yang diterbitkan oleh Rahmadi R
Biota Air, Featured, Hidupan Liar, Ilmiah Populer, Indonesia, Perikanan Kelautan, Satwa Air</isi></data>