<?xml version='1.0' encoding='utf-8'?>
<data><tanggalPost>15 July 2017</tanggalPost><tanggalFetch>27/03/2020 23:23:53</tanggalFetch><judul>10 Kelelawar Paling Unik di Dunia, Bagaimana Wujudnya?</judul><author /><isi>    Kelalawar sudah lama diasosiakan dengan dunia kegelapan, cerita-cerita menyeramkan, dan kehidupan malam. Mungkin banyak pula di antara kita yang menganggap bila kelelawar hanya terdiri dari beberapa spesies, dan umumnya berwujud sama.
Selain itu, ada juga yang menganggap kelelalawar sebagai hama yang harus diberantas, tanpa menyadari betapa berjasanya makhluk ini pada ekosistem. Mulai dari penyerbuk tanaman, penyeimbang populasi hama dan serangga, penyubur tanah, serta sumber makanan untuk organisme lain.
Di seluruh dunia, tercatat ada sekitar 1.100 spesies kelelawar. Inilah mamalia yang bisa terbang, bergigi tajam, dan berkaki empat!
Mongabay Indonesia telah mengumpulkan 10 spesies kelelawar, dari berbagai sumber, yang mungkin paling unik di muka bumi ini.
    Kelelawar hidung tabung. Sumber foto: metrouk2.files.wordpress.com
Kelelawar pemakan buah berhidung tabung (Nyctimene rabori)
Ditemukan di hutan hujan Filipina, kelelawar ini memiliki salah satu wajah paling aneh di antara mamalia. Telinga dengan warna gelap berbintik kuning, mata oranye dan hidung berlubang besar yang mirip tabung, memberikan penampilan wajah yang aneh. Umumnya, jenis ini makan buah ara dan buah-buahan lainnya, namun dalam keadaan tertentu menyantap serangga juga.
    Kelelawar kepala palu. Sumber foto: cs8.pikabu.ru
Kelelawar berkepala palu (Hypsignathus monstrosus)
Kelelawar ini banyak ditemukan di Afrika di sepanjang garis khatulistiwa. Dinamakan demikian karena bentuk kepalanya yang sangat aneh, besar dan mirip palu. Kepala ini diperlukan untuk menghasilkan suara yang keras, menarik perhatian kelelawar betina. Jenis ini adalah pemakan buah-buahanan dan kadang serangga.
    Kelelawar pemakan katak. Foto: Karin Schneeberger/Wikipedia.org/CC BY 3.0
Kelelawar pemakan katak (Trachops cirrhosus)
Kelelelawar ini ditemukan di Benua Amerika, dari Meksiko bagian selatan, Bolivia hingga hutan di Brasil. Kelelawar ini sering disebut Fringe-lipped bat, atau kelelawar berbibir, karena mulutnya yang dipenuhi duri dan ujung-ujung yang tajam. Termasuk hidungnya yang menjulang tajam. Bulu-bulunya tajam dan tebal.
    Kelelawar vampir. Sumber foto: i.imgur.com/WpWLByu.jpg
Kelelawar vampir (Desmodus rotundus)
Diberi nama demikian karena kelelawar ini menghisap darah. Bisa jadi, inilah kelelawar yang selalu diasosiakan dengan film-film horor. Padahal, kelelawar ini dinamai berdasarkan cerita vampir, bukan sebaliknya; Oxford English Dictionary mencatat keterlibatan kelelawar vampir dalam cerita vampir di Inggris dimulai 1734.
Walaupun gigitan kelelawar vampir biasanya tidak berbahaya bagi manusia, jenis ini diketahui sering menyerang ternak dan bahkan manusia. Seringkali meninggalkan tanda berupa dua bekas gigitan di kulit korbannya.
    Kelelawar hantu. Sumber foto: cdn.newsapi.com.au
Kelelawar hantu (Macroderma gigas)
Kelelawar ini cukup unik, karena berbulu putih, dan ketika terbang di malam hari, memang terlihat kontras dengan gelapnya malam. Inilah mengapa dipanggil kelelawar hantu. Jenis ini  ditemukan di hutan hujan tropis dari Meksiko ke Brasil, dan juga di Pulau Trinidad, di Karibia. Hewan ini menghabiskan siangnya bertengger di bawah daun palem yang besar, berburu ngengat dan serangga terbang lainnya di malam hari.
    Kelelawar bertopeng. Sumber foto: 2.bp.blogspot.com
Kelelawar bertopeng (Sphaeronycteris toxophyllum)
Kelelawar ini banyak ditemukan di Venezuela, Kolombia, Peru, dan di sepanjang cekungan Sungai Amazon. Inilah salah satu spesies yang paling sedikit diketahui keberadaannya karena memang terbatas dan langka. Hidup menyendiri di pepohonan besar yang tinggi.
    Kelelawar chapin. Sumber foto: d1o50x50snmhul.cloudfront.net
Kelelawar chapin (Chaerephon chapini)
Kelelawar pemakan serangga ini banyak ditemukan di hutan hujan kawasan tengah dan selatan Afrika. Kelelawar ini terkenal dengan “tatanan rambutnya yang aneh” dan sang jantan mengeluarkan  bau aneh  untuk menarik perhatian sang betina selama pacaran.
    Kelelawar pemancing. Sumber foto: degerlibilgi.com
Kelelawar pemancing (Noctilio leporinus)
Kelelawar besar ini memakan ikan dan hidup di Meksiko beserta beberapa negara di Amerika Latin. Kelelawar ini juga dijuluki Great Bulldog bat, karena wajahnya yang mirip anjing bulldog.
Jenis ini menggunakan kakinya yang bercakar panjang untuk menangkap ikan yang berenang di permukaan sungai. Selain tentunya memakan serangga.
    Kelelawar wajah keriput. Sumber foto: 38.media.tumblr.com
Kelelawar wajah keriput (Centurio senex)
Kelelawar pemakan buah ini ditemukan di Meksiko dan Amerika Tengah, yang dikenal sebagai “Murcielago viejito” (kelelawar orang tua) atau “Murcielago zopilote” (kelelawar kondor), karena tubuh dan wajahnya yang keriput. Ada lipatan besar kulit yang digunakan sebagai masker untuk menutupi wajahnya ketika tidur.
    Kelelawar bertelinga besar. Sumber foto: tnbwg.org/C_rafinesquii_Sewell
Kelelawar bertelinga besar (Corynorhinus townsendii)
Kelelawar ini memiliki telingga yang begitu besar, dengan proporsi yang lebih besar dari umumnya. Menggunakan echolocation untuk menemukan mangsanya, telinga besar itu memberi pendengaran jauh lebih baik ketimbang kelelawar lain yang bertelinga lebih kecil. Jenis ini banyak ditemukan di bagian tenggara Amerika Serikat.
    Artikel yang diterbitkan oleh Rahmadi R
Hidupan Liar, Ilmiah Popular, Satwa Liar</isi></data>