<?xml version='1.0' encoding='utf-8'?>
<data><tanggalPost>-</tanggalPost><tanggalFetch>28/03/2020 10:10:38</tanggalFetch><judul>11 CIRI KHAS KHUSUS KATAK SECARA BIOLOGIS</judul><author>-</author><isi>Katak adalah hewan bertubuh pendek, sebagian besar karnivora, dan termasuk dalam ordo anura. Katak tersebar di banyak tempat. Mulai dari tropis hingga subartik, namun paling banyak spesiesnya berada di hutan hujan tropis. Terdapat sekitar 4.800 spesies yang mencakup 80% spesies amfibi yang masih ada. Katak juga merupakan salah satu dari lima vertebrata paling bervariasi. Berikut adalah beberapa ciri khusus katak. Langsung saja kita simak yang pertama:
Berpindah tempat dengan cara melompat.
Tubuh gemuk.
Memiliki mata yang menonjol.
Bagian tungkai kaki dilipat ke bawah. Struktur kakinya memudahkannya untuk melompat.
Tidak memiliki ekor.
Amfibi, yang berarti dapat hidup di air maupun di tanah kering.
Mengalami metamorfosis sempurna. Mulai dari telur, berudu yang memiliki ekor dan insang, hingga menjadi katak dewasa sempurna.
Telinga katak berada di belakang mata.
Bernafas dengan insang dan kulit.
Memiliki suara yang khas.
Lidahnya panjang dan lengket sehingga memudahkannya untuk menangkap serangga.
4 / 5 ( 1 vote )
SHARE THIS:
Click to share on Twitter (Opens in new window)
Click to share on Facebook (Opens in new window)</isi></data>