<?xml version='1.0' encoding='utf-8'?>
<data><tanggalPost>22 October 2016</tanggalPost><tanggalFetch>27/03/2020 23:31:51</tanggalFetch><judul>15 Foto Sloth yang Menggemaskan</judul><author /><isi>Mungkin kita tidak tahu satwa satu ini, karena memang tidak ada di Indonesia.Satwa bernama sloths adalah mamalia paling lambat di dunia. Dan setelah melalui foto-foto ini, Anda mungkin akan berpikir bahwa mereka juga mamalia lucu di dunia.
20 Oktober adalah Hari Sloth International dan menjadi kesempatan besar untuk menunjukkan beberapa cinta dan penghargaan untuk hewan-hewan dingin dan lucu yang menunjukkan kepada kita bahwa kadang-kadang menjadi lambat bukanlah hal yang terburuk.
Berikut 15 foto dari Sloth yang dikutip dari boredpanda.com
Happy International Sloth Day!
Foto : nicolas reusens
Foto : the sloth institute
Foto : finstad4
Foto : the sloth institute
Foto : the sloth institute
Foto : primatography
Foto : jumbomumbo15
Foto : toucan rescue ranch
Foto : the sloth institute
Foto : toucan rescue ranch
Foto : jannapanda
Foto : felipe dana
Foto : the sloth institute
Foto : the sloth institute
Artikel yang diterbitkan oleh Jay Fajar
Hidupan Liar, Ilmiah, Satwa</isi></data>