<?xml version='1.0' encoding='utf-8'?>
<data><tanggalPost> 6 bulan ago</tanggalPost><tanggalFetch>28/03/2020 22:18:44</tanggalFetch><judul>17 Ciri Ciri Kucing Mau Mati </judul><author>Altarra</author><isi>Ciri Ciri Kucing Mau mati – Sebagai pemilik kucing kadang kita cemas ketika kita melihat hewan kesayangan kita berperilaku tidak seperti biasanya, perubahan sikap dari hewan peliharaan bisa mengandung banyak arti yang salah satunya bisa karena mereka sedang sakit atau mereka mengalami stress, namun tidak semua perubahan sikap merupakan ciri ciri kucing mau mati ya guys, karena dalam beberapa kasus perubahan sikap m</isi></data>