<?xml version='1.0' encoding='utf-8'?>
<data><tanggalPost>4 March </tanggalPost><tanggalFetch>28/03/2020 22:39:20</tanggalFetch><judul>1,7 Juta Anak Balita Meninggal Karena Faktor Lingkungan</judul><author>-</author><isi>Data dari Organisasi Kesehatan Dunia WHO mengungkapkan, sebanyak 1,7 juta anak di bawah usia lima tahun (balita) meninggal per tahun akibat faktor lingkungan. Sebanyak 570.000 anak meninggal akibat infeksi saluran pernafasan, termasuk pneumonia yang terkait erat dengan polusi udara.
Sementara 360.000 anak balita meninggal akibat penyakit diare yang berhubungan dengan kualitas air dan lingkungan sekitar. Masih ada faktor-faktor lain yang dipengaruhi oleh kualitas lingkungan seperti kelainan janin, kelahiran prematur, kecelakaan akibat faktor lingkungan dan malaria atau demam berdarah. Semuanya saling terkait. Mari terus tingkatkan literasi dan beraksi untuk lingkungan yang sehat dan bersih. Semua untuk anak cucu kita, masa depan bangsa.
Redaksi Hijauku.com</isi></data>