<?xml version='1.0' encoding='utf-8'?>
<data><tanggalPost>on 29/10/2019</tanggalPost><tanggalFetch>28/03/2020 11:17:41</tanggalFetch><judul>2 Inovasi Lele Lele Bioflok • Akuaponik Lele-Sayuran</judul><author>by admin trubus</author><isi>2 Inovasi Lele Lele Bioflok • Akuaponik Lele-Sayuran
Filed in Pelatihan by admin trubus on 29/10/2019
Bogor, 30 November 2019
Inilah 2 inovasi lele terkini. Inovasi yang dipilih menjadi materi pelatihan Trubus kali itu menampilkan budidaya yang lebih efisien, sehat, dan produktif. Bagi Anda pemilik dengan lahan terbatas dan sempit, jangan lewatkan pelatihan ini. Pertama, Inovasi lele sistem bioflok, yakni ternak lele sistem pemeliharaan dengan probiotik. Prinsip bioflok adalah memanfaatkan aktifitas mikroorganisme untuk menghasilkan pakan sendiri.
Inovasi kedua adalah Akuaponik lele dan sayuran. Pada sistem ini Anda dapat mengusahakan sayuran sistem hidroponik yang digabungkan dengan ternak lele dalam wadah. Dengan teknik ini selain panen sumber vitamin yakni sayuran, konsumen juga sekaligus memperoleh ikan lele sebagai sumber protein. Teknologi ini juga tergolong sehat karena bebas pestisida.
Materi :
• Pengenalan budidaya lele bioflok dan akuaponik lele dan sayuran
• Budidaya hingga panen lele dalam akuaponik
• Sarana akuaponik
• Mengenal media akuaponik
• Pengenalan gejala serangan hama dan penyakit serta penanggulangannya
• Analisis usaha akuaponik
• Kunjungan lapang ke lokasi budidaya akuaponik
Hanya dengan Rp1.500.000,-/orang
Anda akan mendapat training kit, modul, sertifikat, camilan 2 kali, makan siang, transportasi ke lokasi budidaya akuaponik. PROMO Langganan majalah Trubus 3 bulan.
Segera daftarkan diri Anda melalui Whatsapp ke nomor 0813-1603-4009 (Dian) atau telepon ke (021) 874 22 20/874 55 11
Baca Juga
Kupas Tuntas Akuaponik
Panen Tin Sekaligus Lele
Peluang Pasar Besar Ikan Gabus dari Pembenihan hingga Pembesaran
Akuaponik, Panen Ikan dan Sayuran Sekaligus
Pelatihan Budidaya Magot
Budidaya Udang Vannamei Air Tawar
Kupas Tuntas Budidaya Vanili
Memacu Tumbuh Bibit Sawit
Teknik Olah Susu ~ Bisnis Kefir ~ Yogurt ~ Keju Mozarela
Kelas Menulis Kreatif Trubus</isi></data>