<?xml version='1.0' encoding='utf-8'?>
<data><tanggalPost>4 December </tanggalPost><tanggalFetch>28/03/2020 22:45:14</tanggalFetch><judul>20 Kota Dunia Paling Ramah Sepeda</judul><author>-</author><isi>Di kota Copenhagen, jumlah sepeda yang masuk ke pusat kota saat ini sudah melampaui jumlah mobil. Jumlah sepeda mencerminkan tren terkini di negara maju, di mana masyarakatnya banyak beralih ke sistem tranportasi publik dan transportasi aktif.
Kota-kota yang masuk dalam pemeringkatan ini sudah mengalami masalah yang saat ini dialami kota-kota di “negara berkembang” seperti Jakarta, yaitu kamacetan parah, polusi udara yang tinggi. Haruskah kita mengulangi kesalahan yang sama? Padahal pembelajaran ada di mana-mana. Kita bisa belajar dari kearifan dunia.
Redaksi Hijauku.com</isi></data>