<?xml version='1.0' encoding='utf-8'?>
<data><tanggalPost>26 December </tanggalPost><tanggalFetch>28/03/2020 22:33:23</tanggalFetch><judul>22 Kegiatan Freeport Indonesia di Luar dan Melanggar AMDAL</judul><author>-</author><isi>PT. Freeport Indonesia telah lama menuai kontroversi. Jaringan Tambang (JATAM) mencatat 22 kegiatan PT. Freeport Indonesia yang berada di luar dan melanggar AMDAL berikut ini. Sebuah catatan sejarah bagi salah satu tambang terbesar di Indonesia.
Redaksi Hijauku.com</isi></data>