<?xml version='1.0' encoding='utf-8'?>
<data><tanggalPost>-</tanggalPost><tanggalFetch>28/03/2020 10:17:56</tanggalFetch><judul>25 JENIS SPESIES IKAN HIU YANG HIDUP DI DUNIA DULU DAN SAAT INI</judul><author>-</author><isi>Hiu sangat menonjol dalam mitologi Hawaii. Ada cerita-cerita tentang manusia hiu yang mempunyai rahang hiu di belakang mereka. Mereka dapat berubah bentuk antara hiu dan manusia pada waktu tertentu ketika mereka inginkan.
Sebuah tema umum dalam cerita-cerita ini adalah bahwa manusia-manusia hiu ini akan memperingatkan orang-orang yang ke pantai bahwa di perairan itu terdapat hiu.
Orang-orang yang ke pantai itu akan menertawai dan mengabaikan peringatan-peringatan mereka dan akan tetap berenang, dan karena itu kemudian mereka dimakan oleh manusia hiu yang sama, yang memberikan peringatan kepada mereka agar tidak turun ke air.
Daftar isi konten dalam artikel ini
1. Hiu Monyet / Hiu Tikus / Thresher Shark (Alopias)
2. Hiu Helicaprion / Helicaprion Shark ( Helicoprion bessonowi )
3. Hiu Megalodon / Megaladon Shark ( Carcharodon megalodon )
4. Hiu Banteng / Bull Shark (Carcharhinus leucas)
5. Hiu Penjemur / Basking Shark ( Cetorhinus maximus )
6. Hiu Berjalanan / Hiu Halmahera ( Hemiscyllium halmahera )
7. Hiu Bermulut Besar / Megamouth Shark ( Megachasma pelagios )
8. Hiu Biru / Blue Shark ( Prionace glauca )
9. Hiu Frilled / Frilled Shark ( Chlamydoselachus anguineus )
10. Hiu Gergaji / ( Pristis microdon )
11. Hiu Goblin / Goblin Shark (Mitsukurina owstoni)
12. Hiu Greenland / Greenland shark (Somniosus microcephalus)
13. Hiu Karang Sirip Hitam / Black-tip Shark (Carcharhinus melanopterus)
14. Hiu Karang Sirip Putih ( Triaenodon obesus )
15. Hiu Karpet Berbintik / Spotted Carpets Sharks ( Hemiscyllium freycineti )
16. Hiu Lonjor ( Carcharhinus amblyrhynchos )
17. Hiu Macan / Tiger Shark (Galeocerdo cuvier)
18. Hiu Martil / Hammerhead Shark ( Sphyrnidae )
19. Hiu Paus / Whale Shark ( Rhincodon typus )
20. Hiu Putih / Great White Shark (Carcharodon carcharias)
21. Hiu Rubah Laut (Alopias vulpinus)
1. HIU MONYET / HIU TIKUS / THRESHER SHARK (ALOPIAS)
Thresher Shark Dinamakan sangat panjang, karena ekor heterocercal atau sirip ekor yang sepanjang total panjang tubuh. hiu thresher adalah predator aktif. Ekornya digunakan sebagai senjata untuk menyetrum mangsanya. Hiu thresher memiliki kepala pendek dan hidung berbentuk kerucut. Mulut umumnya kecil, dan gigi berbagai ukuran dari kecil ke besar.hiu ini memiliki mata relatif kecil yang berada untuk maju kepala.
Hiu Tikus Merupakan spesies ikan hiu oseanik yang hidup dipermukaan perairan hingga kedalaman 152 m. Sebaran spesies hiu ini diketahui sangat luas di wilayah perairan Indo Pasifik. Di perairan Indonesia, spesies hiu ini tercatat ditemukan di perairan Samudera Indonesia, mulai dari selatan Nusa Tenggara barat hingga Sumatera, Laut Cina Selatan, Laut Pasifik, Selat Makassar, Laut Sulawesi, Laut Banda dan Laut Arafura.
2. HIU HELICAPRION / HELICAPRION SHARK ( HELICOPRION BESSONOWI )
Helicaprion atau Whrol Tooth Awalnya ketika pertama kali hiu ini ditemukan dilautan karbon, hiu ini dianggap sebagai hiu akibat mutasi. Helicaprion merupakan kerabat dekat dengan ikan hiu.
Para ilmuwan beranggapan bahwa gigi-gigi yang berbentuk seperti roda pada rahang bagian bawahnya dapat menghambat pergerakan dari hewan ini sendiri, karena jika hiu jenis ini berenang dengn kecepatan tinggi , maka akan mempengaruhi terhadap keseimbangan nya.
Oleh karena itu para ilmuawan menganggap bahwa helicaprion hanya memangsa hean-hewan kecil dan lunak. Beberapa ilmuwan mengatakan bahwa makanan favorit hiu ini adalah ammonites (sejenis kerang laut purbakala).
3. HIU MEGALODON / MEGALADON SHARK ( CARCHARODON MEGALODON )
Megalodon adalah sebuah spesies ikan hiu purba raksasa. Hidup sekitar 20 hingga 1,2 juta tahun lalu, hiu ini berukuran lebih besar dari sebuah kapal pesiar atau lebih besar dari seekor paus bungkuk. Nama megalodon sendiri memiliki arti “gigi yang besar”.
Hewan ini termasuk jenis hiu perairan dalam yang jarang naik ke permukaan kecuali untuk mencari mangsa., banyak diantara kalangan para ilmuwan berpendapat bahwa hiu megalodon ini masih hidup, Meski hiu ini belum pernah ditemukan dalam keadaan hidup, dan termasuk fosil hidup. Keturunan dekat hiu megalodon ini adalah hiu putih (White Shark)
4. HIU BANTENG / BULL SHARK (CARCHARHINUS LEUCAS)
Hiu Banteng juga dikenal dengan Hiu Zambezi atau Zambi di Afrika dan Hiu Nicaragua di Nicaragua, banyak ditemukan diperairan yang dangkal dan hangat sepanjang pantai, dan dikenal karena prilakunya yang tidak dapat diprediksi, kadang-kadang agresif dan kadang-kadang tidak agresif.
Mereka mampu untuk hidup diperairan tawar, hal ini merupakan suatu hal yang sangat langka pada hiu laut. Dengan ini mereka bisa pergi jauh menelusuri hulu sungai dan menyerang manusia, meskipun jauh dari laut. Meskipun begitu hiu banteng bukan jenis dari hiu sungai.
5. HIU PENJEMUR / BASKING SHARK ( CETORHINUS MAXIMUS )
Hiu Penjemur/Basking Shark adalah ikan terbesar nomor 2 setelah hiu paus dari jenis ikan hiu. Spesies ini merupakan spesies kosmopolitan. Spesies ini dapat ditemui disamudra hangat di seluruh dunia. Hiu ini bergerak lambat dan tidak berbahaya. nama umum yang berasal dari kebiasaan yang makan di permukaan, muncul untuk berjemur di air hangat di sana.
Panjangnya bisa lebih dari 10 meter ketika usia sudah dewasa. Ikan hiu penjemur ini bisa dikatakan hiu misterius mungkin karena keberadaannya yang sulit untuk ditemui ketika dilakukan penelitian oleh para ahli.
6. HIU BERJALANAN / HIU HALMAHERA ( HEMISCYLLIUM HALMAHERA )
Hiu Halmahera merupakan spesies dari hiu bambu yang ditemukan di Indonesia. Spesies ini pertama kali dilaporkan ketika ditemukan dua spesimen hiu ini di dekat Pulau Halmahera, Provinsi Maluku.
Spesies ini cukup mirip dengan Hemiscyllium galei yang ditemukan di Papua Barat. Hiu jenis ini  berjalan di dasar laut namun tidak berenang seperti kebanyak hiu lainnya, hiu ini menggunakan sirip pektoral. Banyak bintik bewarna kegelapan menyelubungi kulit hiu H. halmahera.
7. HIU BERMULUT BESAR / MEGAMOUTH SHARK ( MEGACHASMA PELAGIOS )
Hiu bermulut besar/Megamouth Shark adalah spesies hiu yang sangat langka. Hiu ini ditemukan tahun 1976. Hanya sedikit hiu ini yang telah terlihat dan sedikit pula infomasi yang didapat dari jenis hiu ini. Dengan 39 spesimen telah ditangkap atau dilihat. Hiu ini berenang dengan mulut terbuka untuk makan plankton dan ubur-ubur.
8. HIU BIRU / BLUE SHARK ( PRIONACE GLAUCA )
Hiu biru atau Blue Shark adalah spesies hiu dari famili Carcharhinidae. Mereka biasa mendiami perairan di lautan yang beriklim sedang dan tropis, meskipun sebenarnya lebih suka hidup diperairan yang dingin. Karena itu, mereka kerap kali melakukan migrasi jarak jauh, seperti dari New England ke Amerika Selatan.
9. HIU FRILLED / FRILLED SHARK ( CHLAMYDOSELACHUS ANGUINEUS )
Frilled Shark atau yang juga disebut juga dengan Hiu berjumbai adalah hiu yang sangat jarang terlihat di permukaan air. Hiu ini terkenal karena bentuknya yang menyeramkan dan bentuk gigi mereka yang aneh. Memiliki tubuh berwarna cokelat gelap, mirip dengan belut dan memiliki jumbai pada bagian insangnya. Mereka ditemukan hingga kedalaman 1.570 meter, sedangkan diTeluk Suruga Negara Jepang, hiu ini paling umum berada pada kedalaman 50-200 meter.
10. HIU GERGAJI / ( PRISTIS MICRODON )
Hiu Gergaji ini senang memangsa ikan-ikan berukuran sedang atau yang berbadan lebih kecil. Ukuran tubuh hiu gergaji sendiri lumayan besar, mampu mencapai 6,6 meter. Mulutnya yang diselimuti gerigi tajam yang cukup ampuh untuk melumpuhkan mangsanya hanya dengan sekali terkam.
Padahal menurut beberapa ahli, penglihatan mata ikan hiu gergaji tidak terlalu baik, bahkan lebih cenderung samar-samar atau buram. Mereka lebih mengandalkan daya penciumannya yang lumayan tajam untuk mencari mangsanya.
11. HIU GOBLIN / GOBLIN SHARK (MITSUKURINA OWSTONI)
Hiu Goblin (Mitsukurina owstoni) adalah spesies hiu laut dalam langka yang kurang dipahami. Kadang-kadang disebut “fosil hidup”. Hewan berkulit merah muda ini memiliki profil ciri yang khas dengan moncong pipih yang memanjang, dan rahang yang sangat protrusible dan mengandung gigi seperti kuku yang dapat menonjol keluar.
12. HIU GREENLAND / GREENLAND SHARK (SOMNIOSUS MICROCEPHALUS)
Hiu greenland (Somniosus microcephalus) sering disebut hiu abu-abu adalah salah satu spesies hiu dari keluarga Somniosidae. Hiu greenland berhubungan erat dengan hiu tidur dan pasifik hiu tidur selatan. Hiu greenland tersebar di samudra Atlantik dan Arktik di dekat kutub utara.
Hiu greenland disebut-sebut sebagai vertebrata paling panjang umur di dunia saat ini. Hiu greenland juga termasuk salah satu hiu terbesar dibumi yang masih hidup dan memiliki daya tahan hidup di tengah suhu air yang ekstrem.
13. HIU KARANG SIRIP HITAM / BLACK-TIP SHARK (CARCHARHINUS MELANOPTERUS)
Hiu karang sirip hitam (Carcharhinus melanopterus) adalah spesies hiu dalam keluarga Carcharhinidae, mudah diidentifikasi karena warna hitam menonjol pada setiap bagian siripnya.
Di antara hiu yang paling banyak menghuni perairan terumbu karang tropis Hindia dan Pasifik, spesies ini lebih suka hidup di perairan dangkal, pantai, dan perairan yang berpasir.
14. HIU KARANG SIRIP PUTIH ( TRIAENODON OBESUS )
Hiu Karang Sirip Putih yang biasa disebut juga dengan hiu karang adalah jenis hiu yang berkembang biak dengan cara vivipar. Ia biasanya berukuran sedang dengan panjang rata-rata sekitar 1,6 m.
ikan yang menghabiskan waktunya di dasar perairan atau pada celah-celah terumbu karang yang berair jernih. Ikan ini merupakan ikan predator dan habitatnya berada pada kedalaman air antara 8 – 40 meter.
15. HIU KARPET BERBINTIK / SPOTTED CARPETS SHARKS ( HEMISCYLLIUM FREYCINETI )
Hiu Karpet Berbintik adalah hewan endemik Indonesia. Hewah khas dari Indonesia ini termasuk dalam suku ”Hemiscylliidae” dengan genus Hemiscyllium. Hiu karpet berbintik masuk kedalam jenis hiu bambu.
Hiu karpet berbintik dipercaya ditemukan di Papua tepatnya di perairan Kepulauan Raja Ampat. Hiu karpet berbintik mulai dikenal pada tahun 2003.
16. HIU LONJOR ( CARCHARHINUS AMBLYRHYNCHOS )
Jenis hiu yang satu ini memiliki banyak nama. Ia bernama latin Carcharhinus amblyrhynchos. Orang Indonesia mengenalnya dengan sebutan hiu lonjor, Merak bulu (Lombok), hiu lanjaman, atau cucut lanjaman (Jawa). Hiu lonjor terlihat berada di kawasan terumbu karang, dekat tubir, atau batas karang atol.
Ia senang meliuk-liuk dan bersembunyi di karang hiu lonjor senang juga berenang di lepas pantai pada lapisan permukaan hingga kedalaman 280 meter. Di Indonesia, kita bisa menemukan hiu lonjor di kawasan timur Indonesia, Samudera Hindia, dan Laut Cina Selatan.
17. HIU MACAN / TIGER SHARK (GALEOCERDO CUVIER)
Hiu Macan ini mudah dikenali dari jauh karena motif kulitnya yang belang-belang gelap, menyerupai motif macan. Namun, motif ini akan semakin memudar seiring dewasanya sang hiu. Kulitnya bervariasi, dari biru ke hijau muda, dengan perut berwarna putih atau kuning muda. Kepalanya berbentuk seperti taji yang memudahkannya berpaling dengan cepat ke satu sisi.
Ia memiliki organ sensor bernama lateral di sepanjang sisi tubuhnya. Fungsi utamanya, mendeteksi getaran dalam air yang memungkinkan hiu macan dapat berburu dalam kegelapan dan mendeteksi mangsa bahkan yang bersembunyi sekalipun.
18. HIU MARTIL / HAMMERHEAD SHARK ( SPHYRNIDAE )
Hiu Martil Bentuk kepalanya yang seperti martil menyebabkan mereka mampu berbelok dengan benar. Seperti semua hiu pada umumnya, hiu martil memiliki pori sensor electrolocation yang disebut ampullae of Lorenzini. Dengan menyebarkan reseptor di berbagai area, hiu martil dapat mencari mangsa dengan lebih efektif.
Hiu ini mampu mendeteksi sinyal listrik setengah miliar Volt. Dengan kepala yang berbentuk seperti martil juga memberikan keuntungan berupa area penciuman yang lebih luas, meningkatkan potensi menemukan partikel di air sedikitnya 10 kali dibandingkan dengan hiu ‘klasik’ lainnya.
19. HIU PAUS / WHALE SHARK ( RHINCODON TYPUS )
Hiu paus adalah hiu pemakan plankton yang merupakan spesies ikan terbesar. Hiu ini sering dijuluki dengan sebutan whale shark, karena ukuran tubuhnya yang besar dan kebiasaan makannya dengan menyaring air laut untuk memakan plankton menyerupai kebanyakan jenis paus.
Hiu ini mengembara di samudera tropis dan lautan yang beriklim hangat, dan dapat hidup hingga berusia 70 tahun. Hiu paus dipercaya berasal dari sekitar 60 juta tahun yang lalu. Hiu paus ini tidak jenis hiu yang tidak berbahaya.
20. HIU PUTIH / GREAT WHITE SHARK (CARCHARODON CARCHARIAS)
Hiu Putih ini bisa dibilang hiu terbesar yang dikenal di dunia dan merupakan salah satu predator utama untuk mamalia laut. Selain itu, ia juga memangsa berbagai hewan laut lainnya, termasuk ikan-ikan kecil dan juga burung laut.
Ikan hiu putih dikenal dari genus, Carcharodon, dan berada pada peringkat pertama dalam daftar jumlah serangan hewan kepada manusia.
IUCN (International Union for Conservation of Nature) memperlakukan hiu putih sebagai spesies yang hampir punah, walau termasuk dalam Appendix II dari CITES.
21. HIU RUBAH LAUT (ALOPIAS VULPINUS)
Hiu Rubah Laut adalah sebuah spesies hiu yang mendiami perairan tropis dan perairan beriklim sedang di seluruh dunia. Yang khas dari spesies hiu ini adalah ekornya yang panjang, dan mampu digunakan untuk menebas dan mengejutkan mangsanya. Bobot rata-rata hiu rubah laut adalah sekitar 348 kg, dan dapat mencapai bobot 500 kg. Panjang hiu tersebut berkisar 1,6m – 6m, dengan panjang rata-rata sekitar 2,74 m.
5 / 5 ( 1 vote )
SHARE THIS:
Click to share on Twitter (Opens in new window)
Click to share on Facebook (Opens in new window)</isi></data>