<?xml version='1.0' encoding='utf-8'?>
<data><tanggalPost>-</tanggalPost><tanggalFetch>28/03/2020 10:18:17</tanggalFetch><judul>3 CARA SEDERHANA MENGURANGI INFEKSI CACING PADA HEWAN PELIHARAAN</judul><author>-</author><isi>Infestasi cacing dapat didiagnosa dengan melakukan pemeriksaan feses (kotoran) yang dambil kurang dari 12 jam setelah dikeluarkan oleh hewan peliharaan, hasil positif ditunjukan apabila ditemukan telur cacing pada pemeriksaan feses. Hal yang dapat dilakukan untuk mengurangi infeksi cacing antara lain :
Daftar isi konten dalam artikel ini
Menjaga lingkungan agar tetap bersih
Kontrol kutu loncat (flea)
Pemberian obat cacing rutin
MENJAGA LINGKUNGAN AGAR TETAP BERSIH
Dengan manajemen pemeiliharaan yang higienis tentunya akan menurunkan resiko terjadinya infestasi cacing, biasanya penularan cacing berasal dari telur-telur yang kasat mata.Perhatikan kebersihan kandang, tempat makan dan minum, serta lingkungan.
KONTROL KUTU LONCAT (FLEA)
Kutu loncat/ flea dapat menjadi hewan perantara / vector penularan cacing. Jenis cacing Diphylidium caninum menjalani fase hidupnya di dalam tubuh kutu loncat / flea, oleh sebab itu selain menjaga lingkungan yang bersih, kita juga harus menjaga kesehatan kulit hewan dari kutu. Apabila hewan anda mengalami infestasi kutu konsultasikan dengan dokter hewan untuk pemandiaan dan mendapat terapi obat antikutu yang tepat
PEMBERIAN OBAT CACING RUTIN
Pemberian obat cacing secara rutin tentunya harus dibawah pengawasan dokter hewan. Banyak obat cacing dijual bebas di petshop  tetapi penggunaan secara berkala tanpa adanya pengawasan dokter hewan akan  menjadikan obat tersebut berbahaya bagi  hewan kesayangan kita. Dilihat dari jenis cacing yang begitu banyak maka harus diketahui terlebih dahulu jenis cacing yang terinfestasi,sehingga dapat ditentukan jenis obat cacing apa yang tepat untuk pemberantasan cacing. Pemberian obat cacing, diberikan ketika anak kucing atau anjing pada usia sapih dan ketika hewan akan dikawinkan.Induk yang menderita cacingan akan menularkan cacing pada anak yang dilahirkan. Bagi pemilik yang memang sengaja melepaskan hewan peliharaannya untuk beraktivitas diluar rumah pemeriksaan rutin feses dan pemberian obat cacing wajib dilakukan dengan selang waktu 3-6 bulan sekali untuk meminimalisir resiko cacingan
Mencegah lebih baik daripada mengobati, jangan menunggu kondisi hewan kita sakit untuk menjadikan hewan kita sehat, apabila hewan peliharaan kita sehat tentunya akan membuat kita juga sehat.
5 / 5 ( 1 vote )
SHARE THIS:
Click to share on Twitter (Opens in new window)
Click to share on Facebook (Opens in new window)</isi></data>