<?xml version='1.0' encoding='utf-8'?>
<data><tanggalPost>-</tanggalPost><tanggalFetch>28/03/2020 10:21:42</tanggalFetch><judul>3 SERANGGA YANG SERING DITEMUI DAN BISA MEMBUNUHMU</judul><author>-</author><isi>Serangga, laba-laba, atau arthropoda lainnya-jauh lebih banyak daripada manusia di planet ini. Untungnya, sangat sedikit serangga yang bisa membahayakan kita, dan sebagian besar bermanfaat bagi kita. Meskipun film fiksi ilmiah menggambarkan laba-laba raksasa, haus darah atau gerombolan lebah pembunuh yang marah, ada beberapa arthropoda yang seharusnya mengilhami rasa takut di dalam diri kita.
Konon, sejumlah kecil serangga layak dihindarkan, dan Anda mungkin terkejut mengetahui bagaimana beberapa serangga biasa bisa mematikan. Namun dengan ada beberapa serangga yang sering ditemui dan bisa membunuhmu kapan saja. apa saja ?
Daftar isi konten dalam artikel ini
1. Kutu Hewan
2. Nyamuk
3 Kutu Berkaki 8
Sumber:
1. KUTU HEWAN
Jangan panik dulu. Kutu yang menggigit Fido dan Fluffy bisa menjadi gangguan, pasti, tapi mereka tidak mungkin membunuhmu. Kutu kucing (Ctenocephalides felis), spesies yang biasa ditemukan pada hewan peliharaan di Amerika Utara, dapat menyebabkan reaksi alergi terhadap gigitannya, dan kadang-kadang menularkan penyakit ke manusia. Meski begitu, kutu kucing tidak menjadi perhatian.
Kutu tikus Oriental (Xenopsylla cheopis), di sisi lain, adalah pembawa penyakit wabah yang terkenal. Kutu tikus membawa bakteri Yersinia pestis, yang menyebabkan pandemi abad pertengahan yang menewaskan 25 juta orang di Eropa. Berkat praktik sanitasi dan antibiotik modern, kita tidak mungkin melihat wabah wabah mematikan lagi.
Meskipun infeksi wabah yang ditularkan kutu jarang terjadi saat ini, orang masih meninggal karena wabah setiap tahunnya. Bahkan dengan antibiotik yang tersedia, sekitar 16% kasus wabah di A.S. berakibat fatal. Selama satu periode 5 bulan pada tahun 2015, CDC menghitung 11 kasus wabah manusia di A.S., termasuk tiga kematian. Kutu pembawa wabah ditemukan terutama di negara bagian barat, dan siapa pun yang melakukan kegiatan di dekat habitat hewan pengerat harus berhati-hati untuk menghindari kontak dengan kutu tikus.
2. NYAMUK
Banyak orang menjerit saat melihat seekor laba-laba, atau dengan panik menepis seekor lebah yang mendekat. Tapi hanya sedikit orang yang panik dengan adanya serangga yang membunuh lebih banyak orang setiap tahunnya daripada nyamuk lainnya.
Penyakit yang ditularkan melalui nyamuk membunuh lebih dari satu juta orang di seluruh dunia, setiap tahun. Asosiasi Pengendali Nyamuk Amerika Serikat menyatakan bahwa malaria, hanya satu dari sekian banyak penyakit mematikan yang dibawa oleh nyamuk, membunuh anak setiap 40 detik. Nyamuk membawa segala sesuatu mulai dari demam berdarah hingga demam kuning, dan menularkan parasit yang mempengaruhi kuda, ternak, dan hewan peliharaan dalam negeri.
Meski penduduk A.S. tidak perlu khawatir tentang malaria atau demam kuning, nyamuk di Amerika Utara memang menularkan virus yang bisa mengakibatkan kematian. Laporan CDC telah melaporkan lebih dari 36.000 kasus virus West Nile, dan lebih dari 1.500 diantaranya mengakibatkan kematian. Hampir 600 kasus virus Zika telah dilaporkan di wilayah A.S. di Karibia.
3 KUTU BERKAKI 8
Seperti nyamuk, kutu menularkan sejumlah patogen yang menyebabkan penyakit manusia, dan beberapa bisa berakibat fatal. Penyakit bawaan Ticker bisa jadi sulit untuk didiagnosis dan diobati. Gigitan giginya sering tidak diketahui, dan gejala awal penyakit terkait kutu meniru penyakit lain yang lebih umum, seperti flu.
Di AS saja, penyakit yang disebabkan oleh gigitan kutu meliputi: anaplasmosis, babesiosis, infeksi Borrellia, demam bintik Colorado, Erlichiosis, virus Heartland, penyakit Lyme, penyakit Powassan, rickettsiosis, demam Rocky Mountain, penyakit kutu gigi kutu tik Selatan, kambuhan kambuh demam, dan tularemia.
Penyakit Lyme dapat menyebabkan gejala jantung mirip dengan serangan jantung, kadangkala mengakibatkan kematian. Di A.S., delapan orang telah meninggal akibat infeksi virus Powassan sejak tahun 2006. Sejak CDC mulai melacak tingkat infeksi Ehrlichiosis, tingkat kematian berkisar antara 1-3% dari semua kasus yang dilaporkan setiap tahunnya. Pastikan Anda tahu kutu mana yang tinggal di daerah Anda, penyakit mana yang mungkin mereka bawa, dan bagaimana cara mencegah gigitan kutu yang bisa menyebabkan penyakit serius, jika tidak mematikan.
SUMBER:
“Human Plague – United States, 2015,” Morbidity and Mortality Weekly Report, August 28, 2015, Centers for Disease Control. Accessed online April 25, 2017.
“Mosquito-Borne Diseases,” American Mosquito Control Association. Accessed online April 25, 2017.
“Tickborne Diseases: Widespread, Serious, and Taking Us by Surprise,” by Maryn McKenna, National Geographic, August 31, 2015. Accessed online April 25, 2017.
  SHARE THIS:
Click to share on Twitter (Opens in new window)
Click to share on Facebook (Opens in new window)</isi></data>