<?xml version='1.0' encoding='utf-8'?>
<data><tanggalPost>1 September 2015</tanggalPost><tanggalFetch>28/03/2020 20:26:03</tanggalFetch><judul>30 Hektar Lahan Konservasi Samboja Lestari Terbakar. Bagaimana Nasib Orangutan?</judul><author /><isi>Fenomena El Nilo yang terjadi di Indonesia saat ini, sangat berdampak pada kebakaran lahan di Kalimantan Timur. Termasuk, kebakaran yang terjadi pada 30 hektar kawasan konservasi orangutan Borneo Orangutan Survival Foundatin (BOSF) Samboja Lestari.
Lahan seluas 30 hektar milik BOSF yang berada di Jalan Balikpapan-Handil Km. 44, Kecamatan Margomulyo, Kabupaten Kukar, Senin (31/8/15) terbakar. Meski diduga kebakaran terjadi karena El Nino, namun penyelidikan terus dilakukan guna mengetahui kepastiannya.
Akibat kebakaran tersebut, kawasan yang baru akan terbentuk hutan, yang terdiri dari kayu meranti hangus. Bahkan, kebakaran itu hanya berjarak sekitar 300 meter dari kandang orangutan yang baru dalam proses pembanguan.
Koordinator Komunikasi BOSF Samboja Lestari, Suwardi mengatakan awal kebakaran terjadi Senin subuh, sekitar pukul 03.00 Wita. Api sempat dipadamkan dengan 46 personil dari BOSF Samboja Lestari.
“Orangutan itu tidak tahu kalau ada bencana kebakaran, kecuali kalau individu orangutan berada di pohon dan melihat asap atau api di kejahuan, baru mereka mengerti. Untungnya, kebakaran masih jauh dari kandang utama, sehingga kami dapat meminimalisir keadaan,” kata Suwardi
Namun, Senin siang sekitar pukul 11.00 Wita, api kembali berkobar. Para personil BOSF kembali terjun ke lokasi untuk melakukan pemadaman secara tradisional, yakni memukulkan ranting pohon dan menggunakan alat penyemprot tanaman.
“Api kembali muncul pukul 11.00 Wita. Sekitar 46 personil kami kembali terjun ke lapangan untuk melakukan pemadaman yang bisa diminimalisir sekitar pukul 17.20 Wita,” papar Suwardi.
Kebakaran Lahan di BOSF Samboja Lestari. Foto: Hendar
Staf Komunikasi BOSF, Cantika Adinda, menuturkan titik api ada di beberapa lokasi. Dia dan rekan-rekannya kesulitan memadamkan api sekaligus. Cara manual memukul api menggunakan ranting kayu harus mereka lakukan agar api tidak mendekati bangunan rehabilitasi orangutan.
“Ada beberapa lokasi, ketika kami fokus memadamkan api dekat Jalan Lepiosula, api malah membesar di lahan dekat Jalan Elang. Jalanan masuk ke lokasi kebakaran juga sulit, kami bolak-balik harus mengangkut air. Alat yang tersedia hanya dua penyiram tanaman dan ranting,” ujarnya
Saat kejadian kebakaran, pihak BOSF sudah menghubungi tim pemadam kebakaran di Balikpapan yang berlokasi di Km 23. Merasa bukan area wilayahnya tim pemadam Balikpapan meminta pihak BOSF menghubungi pemadam di Kutai Kartanegara (Kukar).
“Kami sudah menghubungi tim pemadam Balikpapan, namun mereka tidak berkenan datang. Kami diminta menghubungi tim pemadam Kukar. Daripada menunggu, kami lakukan semampunya,” jelas Adinda.
Lokasi banguan kandang yang dekat dengan kebakaran dan staf BOSF Samboja Lestari terlihat memantau titik api. Foto: Hendar (atas dan bawah)
Selasa (1/9/15) pagi, anggota Koramil Samboja dan Pemadam kebakaran Kutai Kartanegara tiba di lokasi untuk meminalisir kebakaran yang menghanguskan 30 hektar lahan itu.
Tidak ada orangutan yang dievakuasi. Peristiwa ini tidak mempengaruhi kondisi fisik maupun mental orangutan yang dirawat di BOSF. Hal yang turut membuat pengelola sedih adalah pohon meranti yang sudah ditanam sejak 2001 hangus dan sebagian kering.
“Meranti sudah kami tanam sejak 2001, setiap tahun, pertumbuhannya hanya 0,5 centimeter. Selama 15 tahun lebih kami merawat dan memperhatikan. Kebakaran ini ibarat orang yang akan panen dan tiba-tiba musnah, sakit rasanya,” ungkap Adinda.
Akibat kebakaran ini, banyak satwa liar yang kehilangan habitatnya. “Di sekitar wilayah BOSF hidup satwa liar seperti kijang, macan dahan, beruk, landak, trenggiling, dan ular piton. Mereka menjadikan tempat sekitar rehabilitasi sebagai habitatnya. Kini sudah terbakar, entah bagaimana nasibnya,” urai Suwardi.
Artikel yang diterbitkan oleh Rahmadi R
BOS Foundation, BOSF Samboja Lestari, El Nino Di Kaltim, Hutan, Hutan Terbakar, Nasib Orangutan Akibat Kebakaran Hutan, Orangutan, Orangutan Kalimantan, Perlindungan Orangutan, Yayasan BOSF</isi></data>