<?xml version='1.0' encoding='utf-8'?>
<data><tanggalPost>-</tanggalPost><tanggalFetch>28/03/2020 10:25:33</tanggalFetch><judul>4 DAMPAK LANGSUNG PERUBAHAN IKLIM TERHADAP KEANEKARAGAMAN HAYATI</judul><author>-</author><isi>Pada saat ini banyak sekali peristiwa dunia yang berlangsung akibat pemanasan global. dampaknya sangat terasa dan keseluruh aspek. Dampak langsung perubahan iklim terhadap keanekaragaman hayati adalah sebagai berikut :
Daftar isi konten dalam artikel ini
a. Spesies ranges (cakupan jenis)
b. Perubahan fenologi
c. Perubahan interaksi antar spesies
d. Laju kepunahan
A. SPESIES RANGES (CAKUPAN JENIS)
Perubahan Iklim berdampak pada pada temperatur dan curah hujan. Hal ini mengakibatkan beberapa spesies tidak dapat menyesuaikan diri, terutama spesies yang mempunyai kisaran toleransi yang rendah terhadap fluktuasi suhu.
B. PERUBAHAN FENOLOGI
Perubahan iklim akan menyebabkan pergeseran dalam siklus yang reproduksi dan pertumbuhan dari jenis-jenis organisme, sebagai contoh migrasi burung terjadi lebih awal dan menyebabkan proses reproduksi terganggu karena telur tidak dapat dibuahi. Perubahan iklim juga dapat mengubah siklus hidup beberapa hama dan penyakit, sehingga akan terjadi wabah penyakit.
C. PERUBAHAN INTERAKSI ANTAR SPESIES
Dampak yang iklim perubahan akan berakibat pada interaksi antar spesies semakin kompleks (predation, kompetisi, penyerbukan dan penyakit). Hal itu membuatekosistem tidak berfungsi secara ideal.
D. LAJU KEPUNAHAN
Kepunahan telah menjadi kenyataan sejak hidup itu sendiri muncul. Beberapa juta spesies yang ada sekarang ini merupakan spesies yang berhasil bertahan dari kurang lebih setengah milyar spesies yang diduga pernah ada. Kepunahan merupakan proses alami yang terjadi secara alami. Spesies telah berkembang dan punah sejak kehidupan bermula. Kita dapat memahami ini melalui catatan fosil.
SHARE THIS:
Click to share on Twitter (Opens in new window)
Click to share on Facebook (Opens in new window)</isi></data>