<?xml version='1.0' encoding='utf-8'?>
<data><tanggalPost>14 September </tanggalPost><tanggalFetch>28/03/2020 22:51:59</tanggalFetch><judul>4 Industri Utama di Balik Eksploitasi Hutan</judul><author>-</author><isi>Kelapa sawit, kertas dan bubur kertas, karet dan kayu adalah empat industri utama yang berada dibalik eksploitasi hutan-hutan dunia, termasuk Indonesia. Berikut adalah negara-negara yang berinvestasi di industri-industri kehutanan, yang jika tidak dikelola dengan ramah lingkungan, akan terus memicu masalah lingkungan dan kesehatan, merusak keanekaragaman hayati dan meningkatkan risiko bencana.
Redaksi Hijauku.com</isi></data>