<?xml version='1.0' encoding='utf-8'?>
<data><tanggalPost>-</tanggalPost><tanggalFetch>28/03/2020 10:18:49</tanggalFetch><judul>4 KELOMPOK DASAR REPTIL</judul><author>-</author><isi>Reptil adalah sekelompok vertebrata berkaki empat (juga dikenal sebagai tetrapoda) yang menyimpang dari amfibi leluhur sekitar 340 juta tahun yang lalu. Ada dua karakteristik yang dikembangkan oleh reptil awal yang memisahkan mereka dari nenek moyang amfibi mereka dan yang memungkinkan mereka untuk menjajah habitat tanah sampai tingkat yang lebih tinggi daripada amfibi. Karakteristik ini adalah sisik dan telur ketuban.
Reptil adalah satu dari enam kelompok hewan dasar. Kelompok hewan dasar lainnya termasuk amfibi, burung, ikan, invertebrata, dan mamalia.
Daftar isi konten dalam artikel ini
Crocodilians
KARAKTERISTIK KUNCI
Squamates
KARAKTERISTIK KUNCI
Tuatara
KARAKTERISTIK KUNCI
Kura-kura
KARAKTERISTIK KUNCI
REFERENCES
CROCODILIANS
Crocodilians adalah kelompok reptil besar yang mencakup buaya, buaya, gajah, dan anjing hutan. Crocodilians adalah predator hebat dengan rahang kuat, ekor berotot, timbangan pelindung besar, badan yang ramping, dan mata dan lubang hidung yang diposisikan di atas kepala mereka. Crocodilians pertama kali muncul sekitar 84 juta tahun yang lalu pada Late Cretaceous dan merupakan kerabat terdekat burung-burung tersebut. Orang Crocodilia telah berubah sedikit dalam 200 juta tahun terakhir. Ada sekitar 23 spesies buaya yang hidup sampai sekarang.
KARAKTERISTIK KUNCI
Karakteristik utama buaya meliputi:
memanjang, tengkorak struktural diperkuat
gape lebar
otot rahang yang kuat
gigi di soket
langit-langit sekunder lengkap
bertelur
SQUAMATES
Squamates adalah kelompok reptil yang paling beragam, dengan sekitar 7.400 spesies hidup. Squamates termasuk kadal, ular dan kadal cacing. Squamates pertama kali muncul dalam rekaman fosil di pertengahan Jurassic dan mungkin ada sebelum waktu itu. Catatan fosil untuk squamates agak jarang. Perompakan modern muncul sekitar 160 juta tahun yang lalu, pada akhir periode Jurassic. Fosil kadal paling awal berusia antara 185 dan 165 juta tahun
KARAKTERISTIK KUNCI
Karakteristik kunci dari squamates meliputi:
kelompok reptil yang paling beragam
mobilitas tengkorak yang luar biasa
TUATARA
Tuatara adalah sekelompok reptil yang menyerupai kadal namun mereka berbeda dari squamates karena tengkorak mereka tidak disambung. Tuatara pernah meluas tapi hari ini hanya dua spesies yang tersisa. Jangkauan mereka sekarang dibatasi hanyabeberapa pulau di Selandia Baru. Tuatara pertama muncul selama Era Mesozoikum, sekitar 220 juta tahun yang lalu, sekitar saat dinosaurus yang pertama muncul. Kerabat terdekat tuatara adalah squamates.
KARAKTERISTIK KUNCI
Ciri utama tuatara meliputi:
pertumbuhan yang lambat dan tingkat reproduksi yang rendah
mencapai kematangan seksual pada usia 10 sampai 20 tahun
Tengkorak dadu dengan dua bukaan temporal
Mata parietal menonjol di atas kepala
KURA-KURA
Kura-kura termasuk yang paling kuno dari reptil yang hidup sampai sekarang dan telah berubah sedikit sejak mereka pertama kali muncul sekitar 200 juta tahun yang lalu. Mereka memiliki cangkang pelindung yang membungkus tubuh mereka dan memberi perlindungan dan kamuflase. Kura-kura menghuni habitat terestrial, air tawar, dan laut dan ditemukan di daerah tropis dan beriklim sedang. Penyu pertama muncul lebih dari 220 juta tahun yang lalu selama Periode Trias Akhir. Sejak saat itu, kura-kura telah sedikit berubah dan sangat mungkin kura-kura modern sangat mirip dengan yang berkeliaran di Bumi selama masa dinosaurus.
KARAKTERISTIK KUNCI
Karakteristik utama penyu meliputi:
piring keratinised di tempat gigi
Tubuh tertutup dalam cangkang yang terdiri dari karapas dan plastron
indera penciuman yang tajam, penglihatan warna yang bagus, pendengaran yang buruk
mengubur telur di tanah
REFERENCES
Hickman C, Roberts L, Keen S. Animal Diversity. 6th ed. New York: McGraw Hill; 2012. 479 p.
Hickman C, Roberts L, Keen S, Larson A, l’Anson H, Eisenhour D. Integrated Principles of Zoology 14th ed. Boston MA: McGraw-Hill; 2006. 910 p.
SHARE THIS:
Click to share on Twitter (Opens in new window)
Click to share on Facebook (Opens in new window)</isi></data>