<?xml version='1.0' encoding='utf-8'?>
<data><tanggalPost>27 December </tanggalPost><tanggalFetch>28/03/2020 22:43:21</tanggalFetch><judul>4 Manfaat Hutan bagi Dunia</judul><author>-</author><isi>Fungsi penting hutan tidak bisa kita lupakan. Hutan merupakan penyerap emisi gas rumah kaca dan hutan sebagai sumber ekonomi jika dikelola secara bestari. Pepohonan alami menyerap dan menyimpan karbon dalam tanah. Pada 2015 jumlah karbon yang diserap oleh hutan mencapai 296 Gigaton (Gt).
Hutan juga merupakan sumber produk non-kayu dan kayu jika dan hanya jika hutan dikelola secara berkelanjutan. Hutan alam jauh lebih tinggi nilainya dibanding hutan monokultur. Hutan alami adalah sumber keanekaragaman hayati yang penting bagi ilmu pengetahuan dan memiliki potensi ekowisata yang luar biasa. Mari terus beraksi selamatkan hutan Indonesia.
Redaksi Hijauku.com</isi></data>