<?xml version='1.0' encoding='utf-8'?>
<data><tanggalPost>15 March </tanggalPost><tanggalFetch>28/03/2020 22:38:52</tanggalFetch><judul>4 Manfaat Melindungi Sumber Air Perkotaan</judul><author>-</author><isi>Hutan kota, danau, situ, rawa dan paya terus menghilang di wilayah perkotaan. Padahal wilayah-wilayah tersebut berperan penting menjadi sumber air dan menjaga keseimbangan ekosistem dan iklim mikro.
Setidaknya ada empat manfaat utama mengapa kita harus menjaga wilayah sumber air di perkotaan. Manfaat pertama: sumber air yang terjaga akan memasok air bersih yang berguna menjaga kesehatan 1 miliar orang di seluruh dunia.
Manfaat kedua: sumber air di perkotaan juga mampu mengurangi dampak perubahan iklim seperti banjir, kebakaran dan erosi. Manfaat ketiga: hutan kota menjadi habitat bagi 5400 spesies binatang. Manfaat keempat: Hutan kota juga mampu menyimpan dan menangkap 10 Gigaton polusi CO2 setiap tahun.
Redaksi Hijauku.com</isi></data>