<?xml version='1.0' encoding='utf-8'?>
<data><tanggalPost>-</tanggalPost><tanggalFetch>28/03/2020 10:10:22</tanggalFetch><judul>4 PERBEDAAN PASTI DAGING SAPI DAN DAGING KAMBING</judul><author>-</author><isi>Daging sapi &amp; daging kambing biasa dikonsumsi sang rakyat Indonesia sehari-hari. Citarasanya yang legit &amp; sedap memungkinkan ke 2 daging ini dapat diolah menjadi aneka macam hidangan kuliner yg lezat misalnya gulai, tongseng, rendang, sate, &amp; lain-lain. Namun, tidak sedikit sumber kita yang belum mengetahui bagaimana caranya membedakan daging sapi &amp; daging kambing bareng betul.
Nah berikut merupakan ciri-ciri perbedaan yang pasti mengenai daging sapi dan kambing :
Daftar isi konten dalam artikel ini
1. Daging Kambing Berwarna Cerah, Daging Sapi Berwarna Pucat
2. Daging Sapi Bertekstur Halus, Daging Kambing Bertekstur Kasar
3. Daging Kambing Berbau Apek, Daging Sapi Tidak
4. Pada Saat Daging Dimasak
1. DAGING KAMBING BERWARNA CERAH, DAGING SAPI BERWARNA PUCAT
Dilihat sumber penampilannya saja, daging sapi &amp; daging kambing sudah tampak tidak sama. Daging kambing terlihat berwarna merah cerah. Sedangkan rona daging sapi ialah merah pucat.
2. DAGING SAPI BERTEKSTUR HALUS, DAGING KAMBING BERTEKSTUR KASAR
Coba perhatikan bareng akurat tekstur yang dimiliki sang ke 2 daging ini. Kalau perlu, cobalah merenggangkan serat-serat dagingnya. Pada daging sapi, tekstur daging terasa halus &amp; lembut bareng serat yg renggang. Berkebalikan, daging sapi terasa kasar lantaran mempunyai serat yang lebih kedap &amp; poly.
3. DAGING KAMBING BERBAU APEK, DAGING SAPI TIDAK
Sudah menjadi misteri awam jikalau daging kambing berbau apek alias prengus. Bau ini sangat  &amp; tidak dijumpai kepada daging-daging yg lainnya. Sementara itu, daging sapi mempunyai aroma yang amis namun tidak terlalu menyengat.
4. PADA SAAT DAGING DIMASAK
Daging kambing &amp; daging sapi yang sudah matang jua mempunyai citarasa yang tidak sinkron. Meskipun tanpa bumbu, daging kambing mempunyai aroma yang bertenaga &amp; terasa lebih alot. Sedangkan daging sapi juga terasa alot namun sedikit lebih empuk ketimbang daging kambing bareng aroma yang ringan.
SHARE THIS:
Click to share on Twitter (Opens in new window)
Click to share on Facebook (Opens in new window)</isi></data>