<?xml version='1.0' encoding='utf-8'?>
<data><tanggalPost>-</tanggalPost><tanggalFetch>28/03/2020 10:18:45</tanggalFetch><judul>4 TAHAPAN METAMORFOSIS ATAU SIKLUS HIDUP KATAK</judul><author>-</author><isi>Siklus hidup seekor katak terdiri dari tiga tahap: telur, larva, dan dewasa. Saat katak tumbuh, ia bergerak melalui tahap-tahap ini dalam proses yang dikenal sebagai metamorfosis. Katak bukan satu-satunya hewan yang mengalami metamorfosis, kebanyakan amfibi lainnya juga mengalami perubahan yang luar biasa sepanjang siklus hidup mereka, seperti juga banyak spesies invertebrata. Selama metamorfosis, dua hormon (prolaktin dan tiroksin) mengendalikan transformasi dari telur menjadi larva dan orang dewasa.
Daftar isi konten dalam artikel ini
1. Kawin
2. Siklus Hidup Tahap 1: Telur
3. Siklus Hidup Tahap 2: kecebong (Larva)
4. Siklus Hidup Tahap 3: Dewasa
1. KAWIN
Musim kawin untuk katak biasanya terjadi pada musim semi di daerah beriklim sedang dan selama musim hujan di daerah beriklim tropis. Bila kodok jantan siap untuk berkembang biak, mereka sering menggunakan seruan nyaring untuk menarik pasangan. Panggilan ini diproduksi dengan mengisi kantung vokal dengan udara dan menggerakkan udara ke depan dan ke belakang untuk menciptakan suara seperti kicauan. Saat kawin, katak laki-laki memegangi punggung betina, menggenggam lengannya di seputar limbah atau lehernya. Pelukan ini disebut sebagai amplexus dan tujuannya adalah untuk memastikan agar jantan berada pada posisi optimal untuk menyuburkan telur betina saat dia meletakkannya.
2. SIKLUS HIDUP TAHAP 1: TELUR
Banyak spesies meletakkan telurnya di air yang tenang di antara vegetasi dimana telur dapat berkembang dengan relatif aman. Katak betina meletakkan banyak telur di massa yang cenderung mengumpul bersamaan (massa telur ini disebut sebagai bibit). Saat dia menyimpan telurnya, laki-laki melepaskan sperma ke massa telur dan menyuburkan telur.
Pada banyak spesies katak, orang dewasa membiarkan telur tumbuh tanpa perawatan lebih lanjut. Tapi di beberapa spesies, orang tua tetap dengan telur untuk menjaga mereka saat mereka berkembang. Saat telur yang telah dibuahi matang, kuning telur di setiap telur terbagi menjadi lebih banyak sel dan mulai terbentuk pada bentuk kecebong. Dalam satu sampai tiga minggu, telur siap untuk menetas, dan kecebong kecil terlepas dari telur.
3. SIKLUS HIDUP TAHAP 2: KECEBONG (LARVA)
Seekor larva katak juga disebut kecebong. Berudu memiliki insang rudimenter, mulut, dan ekor panjang. Untuk minggu pertama atau kedua setelah menetas menetas, ia bergerak sangat sedikit. Selama masa ini, kecebong menyerap sisa kuning telur yang tersisa dari telur, yang menyediakan makanan yang sangat dibutuhkan. Pada tahap ini, berudu memiliki insang rudimenter, mulut dan ekor. Setelah menyerap sisa kuning telur, kecebong cukup kuat untuk berenang sendiri.
Sebagian besar berudu memakan alga dan tumbuhan lainnya sehingga dianggap herbivora. Mereka memfilter bahan dari air saat mereka berenang atau merobek potongan bahan tanaman. Seiring kecebong terus tumbuh, ia mulai mengembangkan tungkai belakang. Tubuhnya memanjang dan makanannya tumbuh lebih kuat, beralih ke bahan tanaman yang lebih besar dan bahkan serangga. Kemudian dalam perkembangannya, tungkai depan tumbuh dan ekornya menyusut. Bentuk kulit di atas insang.
4. SIKLUS HIDUP TAHAP 3: DEWASA
Pada usia sekitar 12 minggu, insang dan ekor kecebong telah diserap sepenuhnya ke dalam tubuh – kodok telah mencapai tahap dewasa dalam siklus hidupnya dan sekarang siap untuk menjelajah ke lahan kering dan dalam waktu mengulangi siklus hidup.
SHARE THIS:
Click to share on Twitter (Opens in new window)
Click to share on Facebook (Opens in new window)</isi></data>