<?xml version='1.0' encoding='utf-8'?>
<data><tanggalPost>on 02/08/2017</tanggalPost><tanggalFetch>28/03/2020 14:34:56</tanggalFetch><judul>Mimbar Pembaca Agustus 2017</judul><author>by Admin</author><isi>Mimbar Pembaca Agustus 2017
Filed in dari redaksi, mimbar pembaca by Admin on 02/08/2017
Pelatihan Herbal
Kapan Majalah Trubus mengadakan pelatihan tanaman herbal, jamu, atau obat tradisional?
Ikang J,
Provinsi Jambi
Pelatihan Sayuran
Kapan Majalah Trubus mengadakan pelatihan budidaya sayuran?
Narwan,
Jepara, Jawa Tengah
Majalah Trubus menyelenggarakan beragam pelatihan seperti khasiat tanaman obat dan mengolah herbal. Adapun pelatihan budidaya sayuran relatif beragam seperti budidaya jamur tiram, hidroponik luar ruangan, budidaya vertikultur. Panitia pelatihan Majalah Trubus akan menghubungi Anda menjelang penyelenggaraan pelatihan itu atau silakan hubungi bagian pelatihan Trubus melalui nomor 081316034009.
Perwakilan Trubus
Apakah Majalah Trubus membuka perwakilan di Tasikmalaya, Jawa Barat? Di mana alamatnya. Terimakasih.
Pramesty,
Tasikmalaya, Jawa Barat
Berikut agen Trubus di Tasikmalaya Sariksa Agency. Jl. Paseh No.13 Tasikmalaya, Jawa Barat.
Memilih Buah
Kualitas buah di pasaran sangat beragam. Konsumen acap salah pilih. Bagaimana cara memilih buah yang baik di pasaran?
Rachmanda Putra,
Bogor, Jawa Barat
Sayang, Anda tak menyebutkan jenis buah secara spesifik. Secara umum untuk memilih buah di pasaran pilih buah berwarna cukup cerah, tekstur masih utuh, aromanya segar, dan kulitnya masih bagus, dan tidak cacat.
Daun Binahong
Pada artikel “Daun Binahong Sembuhkan Luka Bakar” Majalah Trubus mengulas resep berupa 7 helai daun binahong dan 7 lembar daun insulin. Saya meminum konsumsi rebusan selama 3 hari berturut pagi sore.
Adityo Soetanto
Tangerang, Banten
Inspirasi Daun Binahong
Saya mengucapkan terima kasih karena Majalah Trubus mengulas artikel berjudul “Daun Binahong Sembuhkan Luka Bakar.” Saya pernah mempunyai luka sayatan dan mulai infeksi. Setelah membaca artikel itu, lalu saya membalurkan daun binahong yang sudah ditumbuk halus. Saya menggunakannya setiap pagi dan sore. Setelah sepekan, luka terbukti sembuh tanpa bekas.
Ixora Yavanica
Padang, Sumatera Barat
Saudara Adityo dan Saudari Ixora terima kasih atas kisah pengalaman Anda.
Kelapa Pandan Wangi
Majalah Trubus edisi Mei 2017 mengulas perkebunan kelapa pandan wangi dengan judul “Pandan Wangi 57 Hektare” Saya ingin menanyakan nama dan kontak pekebun kelapa pandan wangi di Cipatat, Kabupaten Bandung Barat, itu.
Sunaryo,
Bogor, Jawa Barat
Pemilik kebun pandan wangi itu Hartono dan Kakaknya. Alamat kebunnya di Kebun ACE Ciptaharja, belakang SMUN 1 Cipatat. Rajamandala, Kecamatan Cipatat, Kabupaten Bandung Barat.
Bawang Dayak
Saya membaca artikel “Bawang Dayak Ampuh Turunkan Gula Darah” pada buku infokit berjudul “100 Plus Herbal Indonesia”. Alhamdulillah, saya rutin merebus 5—6 bawang dayak dengan 5 gelas air sampai mendidih dan tersisa 2– 3 gelas. Saya meminumnya 1 gelas saat malam dan 1 gelas saat pagi. Hasilnya kadar gula darah saya turun.
Kelana Dewa,
Bogor, Jawa Barat
Terima kasih atas pengalaman berharga Anda. Mencegah tetap lebih baik.
Bawang Lanang
Saya ingin menanggapi artikel “Bawang Lanang Atasi Asam Lambung” edisi Juni 2017. Saya sudah mengonsumsi 11 bawang tunggal/lanang, 2 bawang bombay, dan 3 jeruk nipis. Semua bahan itu saya blender, simpan di stoples, dan diletakkan dalam kulkas. Saya mengonsumsi saat perut kosong kira-kira 1 jam sebelum makan atau minum. Hasilnya tubuh terasa lebih sehat dan bugar.
Ninik,
Bekasi, Jawa Barat
Syukurlah jika artikel Majalah Trubus memberi manfaat. Semoga kesehatan Anda tetap terjaga.
Buahkan Lengkeng
Apakah Trubus menjual bibit lengkeng? Apakah lengkeng dapat berbuah di Pulau Batam? Selama ini di Batam banyak pohon lengkeng yang mandul, tidak berbuah, sedangkan usia pohon sudah belasan tahun.
Husni,
Batam, Kepulauan Riau
Untuk pembelian bibit lengkeng silakan menghubungi Yuni 0812-1040-0098. Untuk menanam pohon lengkeng, usahakan pada menjelang musim hujan agar ketersediaan air terjamin. Namun, menanamnya pada musim kemarau tetap memungkinkan, asal memperhatikan kebutuhan airnya.
Baca Juga
Mimbar Pembaca Oktober 2017
Batal Operasi Berkat Bawang
Berkah Inovasi
Bazar Ulang Tahun
Mimbar Pembaca Edisi Desember 2019
Mimbar Pembaca September 2017
Mimbar Pembaca Desember 2016
Mimbar Pembaca April 2015
Mimbar Pembaca Januari 2018
Mimbar Pembaca Februari 2017</isi></data>