<?xml version='1.0' encoding='utf-8'?>
<data><tanggalPost>-</tanggalPost><tanggalFetch>28/03/2020 10:18:23</tanggalFetch><judul>5 CIRI GEJALA KLINIS PADA HEWAN CACINGAN</judul><author>-</author><isi>Cacingan atau dalam istilah medis dikenal dengan helmithiasis, merupakan kondisi dimana hewan kesayangan anda mengalami infestasi parasite cacing dalam tubuhnya. Terdapat 4 jenis cacing yang sering ditemukan pada hewan kesayangan anda dianataranya roundworm (cacing gelang), hookworm  (cacing kait), tape worm (cacing pita/pipih) dan whipworm (cacing cambuk). Anjing dan kucing paling sering menderita infeksi cacing yang disebabkan oleh cacing pipih dan cacing gelang.
Berikut merupakan gejala klinis atau penyakit yang akan sering ada jika hewan peliharan Anda terkena cacingan :
Daftar isi konten dalam artikel ini
1. DIARE
2. BERAT BADAN TURUN 
3. POTONGAN SEGMEN CACING
4. MUNTAH
5. RAMBUT KUSAM DAN RONTOK
1. DIARE
Beberapa kasus cacingan bersamaan dengan munculnya kasus diare, infestasi cacing dalam tubuh hewan akan menyebabkan penyerapan nutrisi  terganggu, kemudian berlanjut pada kerusakan dinding saluran pencernaan. Akibatnya penyerapan sari makanan tidak sempurna,  tubuh akan merespon dengan meningkatkan gerak persitaltik usus akibatnya akan terjadi.Beberapa jenis cacing yang meiliki kait pada mulutnya akan menempel pada dinding usus sehingga akan mengoyak jaringan lumen usus, hal ini dapat terlihat dari diare yang bercampur darah segar maupun darah yang sudah berwana kecoklatan atau hitam, tergantung dari lokasi usus yang rusak.
2. BERAT BADAN TURUN 
Penurunan berat badan terjadi akibat penyerapan nutrisi yang tidak maksimal.Apabila asupan nutrisi berkurang (mal nutrisi),tentunya berakibat kurangnya pasokan gizi yang dibutuhkan tubuh.Pada kasus cacingan yang bersifat kronis terdapat gejala klinis pot belly appearance (pembesaran daerah perut), biasanya hal ini terjadi pada hewan berusia dini (kitten /puppy)
3. POTONGAN SEGMEN CACING
Potongan cacing akan nampak terutama pada infestasi cacing pipih yang memiliki struktur tubuh bersegmen, biasanya beberapa segmen akan keluar besama feses, berbentuk seperti butiran nasi. Apabila infeksi berat maka segmen cacing bisa dengan mudah ditemukan disekitar anus
4. MUNTAH
Terkadang hewan yang mengalami cacingan akan mengalami muntah dengan disertai keluarnya cacing dewasa
5. RAMBUT KUSAM DAN RONTOK
Kekurangan nutrisi dapat mengakibatkan rambut hewan kesayangan anda menjadi kusam dan bahkan sampai menimbulkan kerontokan
5 / 5 ( 1 vote )
SHARE THIS:
Click to share on Twitter (Opens in new window)
Click to share on Facebook (Opens in new window)</isi></data>