<?xml version='1.0' encoding='utf-8'?>
<data><tanggalPost>-</tanggalPost><tanggalFetch>28/03/2020 10:18:24</tanggalFetch><judul>5 FAKTA BURUNG KOLIBRI</judul><author>-</author><isi>Kolibri merupakan burung kecil yang memiliki warna bulu yang indah dengan suara kicauan yang merdu. Oleh karena itu, harga burung kolibri ini juga lumayan tinggi. Sekarang sudah banyak para pecinta burung yang mememelihara burung ini karena keistimewaannya tadi.  
Dulu burung ini cukup mudah ditemui di seluruh pelosok indonesia. Namun burung mungil yang termasuk dalam keluarga Trochilidae ini sekarang populasinya di alam bebas sudah semakin sedikit karena banyak diburu.
Koloibri yang merupakan salah satu burung terkecil di dunia ini bisa menjadikan kebun dan taman menjadi lebih asri. Bahkan di beberapa negara di Eropa, banyak orang yang menyediakan makanan untuk kolibri yang mereka sebut hummingbird di halaman belakang rumah mereka.
Daftar isi konten dalam artikel ini
1. Penerbang Ulung
2. Makanan Kolibri
3. Musim Kawin
4. Sebagai Master
5. Harga Kolibri
1. PENERBANG ULUNG
Kemampuan terbang kolibri ternyata sangat mengagumkan. Burung ini mampu melayang-layang di udara dengan mengepakkan sayapnya 12-90 kali per detik (tergantung spesiesnya). Mereka juga merupakan satu-satunya jenis burung yang dapat terbang mundur. Burung kecil ini beratnya hanya 3-7 gram dengan panjang 6,4 cm.
2. MAKANAN KOLIBRI
Kolibri tidak memakan biji-bijian seperti burung lainnya, tetapi mereka lebih suka mengisap nektar langsung dari bunga. Walaupun demikian, kolibri yang dipelihara dapat pula diberi pakan air gula atau madu, tetapi ada juga jenis kolibri yang dapat diberi pakan kroto.
Kolibri terasuk burung yang rakus dalam makan. Burung ini makan 5 sampai 14 kali tiap jam. Hal ini karena kapasitas perut mereka yang tidak dapat menampung makanan dalam jumlah yang banyak sehingga kolibri harus sering makan.
3. MUSIM KAWIN
Selama musim kawin, kolibri jantan akan berkicau dengan suara yang indah dan mondar mandir di depan betinanya. Sementara burung kolibri betina akan terbang berkelompok dengan kecepatan tinggi dan melakukan akrobat di udara untuk menarik perhatian jantannya.
4. SEBAGAI MASTER
Burung kecil ini memiliki suara kicauan yang merdu dan sangat cocok untuk master isian terlebih untuk murai batu, kacer, kenari dan cucak ijo.
5. HARGA KOLIBRI
Harga burung ini di pasaran lumayan tinggi. Saat ini haraga bakalan kolibri mencapai Rp 75.000 per ekor. Sementara untuk burung yang sudah dewasa harganya bisa mencapai dua sampai tiga kali lipatnya.
Memelihara kolibri sebenarnya tidak susah karena burung ini tidak memerlukan kandang yang besar. Merawatnya juga mudah asalkan memenuhi tiga aspek yaitu: makan, mandi, dan menjemur.
5 / 5 ( 1 vote )
SHARE THIS:
Click to share on Twitter (Opens in new window)
Click to share on Facebook (Opens in new window)</isi></data>