<?xml version='1.0' encoding='utf-8'?>
<data><tanggalPost>13 March </tanggalPost><tanggalFetch>28/03/2020 22:39:02</tanggalFetch><judul>5 Fakta Bencana dan Perubahan Iklim</judul><author>-</author><isi>Dalam sepuluh tahun terakhir kerugian akibat semua jenis bencana alam telah mencapai angka US$1,5 triliun. Bencana terkait perubahan iklim terus meningkat dan berdampak besar pada masyarakat miskin – yang 75% dari mereka bekerja di sektor pertanian. Berikut adalah 5 fakta bencana dan perubahan iklim dari data Organisasi Pangan dan Pertanian Dunia (FAO). Pelajari untuk literasi dan landasan aksi.
Fakta Pertama
Kerugian yang diderita dunia akibat bencana mencapai US$250-300 miliar per tahun. Bencana tidak hanya menyebabkan korban jiwa dan harta benda namun juga merusak hasil pembangunan dan pertumbuhan ekonomi. Bencana merusak infrastruktur jalan, bangunan, instalasi listrik, air bersih, dsb.
Fakta Kedua
Dalam sepuluh tahun terakhir bencana alam membawa kerugian hingga US$550 miliar di negara berkembang dan berdampak pada 2 miliar penduduknya.
Fakta Ketiga
Dari 2003 hingga 2013, 25% kerusakan bencana yang terkait iklim diderita di sektor pertanian yang berdampak pada kesejahteraan petani dan penggarap lahan.
Fakta Keempat
80% kerugian akibat kekeringan diderita oleh sektor pertanian. Bencana kekeringan tidak hanya menyebabkan gagal panen namun juga kerugian di sektor peternakan.
Fakta Kelima
Sebanyak 22,5 juta penduduk dunia harus mengungsi akibat bencana iklim seperti bencana dan badai setiap tahun. Jumlah ini setara dengan 62.000 penduduk setiap hari. Bayangkan ini terjadi di daerah Anda.
Redaksi Hijauku.com</isi></data>