<?xml version='1.0' encoding='utf-8'?>
<data><tanggalPost>-</tanggalPost><tanggalFetch>28/03/2020 10:17:29</tanggalFetch><judul>5 JENIS ANEMON LAUT</judul><author>-</author><isi>Kembali lagi ke-film finding nemo. Dalam film ini nemo kecil dilahirkan di suatu anemone. Ya, itulah yang dimaksud dengan anemone. Banyak yang menganggap bahwa anemone adalah jenis koral, namun ternyata anemone lebih dekat ke jenis invertebrate.
Ada berbagai macam jenis anemone yang ada, Mungkin jumlahnya lebih dari ratusan namun hanya da beberapa jenis anemone saja yang disuka oleh ikan jenis clownfish. Beberapa diantaranya adalah:
Daftar isi konten dalam artikel ini
Anemone Clown
Anemone Karpet
Anemone Jagung
Anemone pantat merah
Anemone Pasir
ANEMONE CLOWN
Jenis anemone ini sering disebut pedagang dengan sebutan anemone nemo atau anemone badut. Karena memang anemone ini menjadi tempat ikan Perculla Clownfish “Nemo” tinggal. Anemone jenis ini sangat suka berpindah-pindah tempat, bahkan jika sudah menempel di kaca aquarium sangat sulit untuk dilepaskan, kecuali dia berpindah sendiri. Anemon ini biasanya berwarna merah.
ANEMONE KARPET
Jenis anemone ini memiliki ciri khusus pada tubuhnya, yaitu jika kita sentuh akan terasa lengket. Biasanya berwarna coklat keabua-abuan. Ikan jenis nemo dan negro sangat suka tinggal di anemone ini.
ANEMONE JAGUNG
Anemone jenis ini biasa ditinggali oleh ikan balong (Maroon Clown fish). Dinamakna anemone jagung karena jika mengembang bentuknya seperti jagung.
ANEMONE PANTAT MERAH
Jenis anemone ini juga disukai oleh berbagai jenis clownfish, Pantat anemone ini berwrna merah dan akan menempel sangat kuat pada karang.
ANEMONE PASIR
Jenis anemone ini terdapat berbagai macam warna,yaitu antara lain kuning dan putih. Ikan-ikan jenis clownfish juga sangat menyukainya.
Diatas hanyalah sebagian dari beberapa jenis anemone yang ada. Namun yang perlu diketahui oleh para penghobies bahwa anemone sangatlah suka berpindah-pindah tempat sehingga space aquarium kita haruslah longgar.
5 / 5 ( 2 votes )
SHARE THIS:
Click to share on Twitter (Opens in new window)
Click to share on Facebook (Opens in new window)</isi></data>