<?xml version='1.0' encoding='utf-8'?>
<data><tanggalPost>31 December </tanggalPost><tanggalFetch>28/03/2020 22:43:05</tanggalFetch><judul>5 Kabupaten dengan Bencana Terbanyak</judul><author>-</author><isi>Berikut adalah 5 kabupaten dengan jumlah bencana terbanyak selama tahun 2016. Data diambil dari BNPB. Semuanya ada di Jawa Tengah. Apa yang kita pelajari dari kondisi ini? Apa yang bisa kita lakukan untuk mencegah bencana berulang? Narasi apa yang bisa kita kembangkan untuk ciptakan kesadaran?
Redaksi Hijauku.com</isi></data>