<?xml version='1.0' encoding='utf-8'?>
<data><tanggalPost>on 01/02/2020</tanggalPost><tanggalFetch>28/03/2020 10:50:10</tanggalFetch><judul>KUIS SAYURAN NO. 109</judul><author>by admin trubus</author><isi>KUIS SAYURAN NO. 109
Filed in Promo by admin trubus on 01/02/2020
Trubus edisi Januari 2020 menampilkan artikel sayuran berjudul “Tanam Padi dari Langit”. Balai Besar Pengembangan Mekanisasi Pertanian (BBP Mektan) merekayasa pesawat kecil nirawak atau drone menjadi mesin penanam padi. Kendali jarak jauh akan mengatasi masalah tenaga kerja. Harapannya, dunia pertanian turut bersaing di era industri 4.0.
Pertanyaan:
1. Berapa kapasitas dan batas pengisian tangki benih?
2. Berapa kecepatan drone saat menebar benih?
3. Apa saja kemampuan drone merah putih?
4. Apa merek hadiah kuis sayuran edisi Januari 2020?
Tulis jawaban Anda di kartu pos dan tempelkan Kupon Kuis Sayuran No. 0109. Kirim kartu pos ke Redaksi Trubus d.a. PT Trubus Swadaya, Jl. Kapitan I No. 1A, Kelurahan Sukatani, Kecamatan Tapos, Kota Depok, Jawa Barat, selambat-lambatnya 9 Maret 2020 (cap pos). Anda juga dapat mengirimkan jawaban melalui whatsapp 0812-9776-3908. Pemenang diumumkan di Trubus edisi April 2020. Bagi 5 pemenang yang beruntung, Miyako memberikan hadiah masing-masing satu buah setrika EI-10019 SP.
Pemenang di wilayah Jabodetabek dapat mengambil hadiah di kantor Redaksi Trubus pada Senin—Jumat pukul 09.00—16.00. Pengambilan hadiah selambat-lambatnya 2 bulan setelah pengumuman pemenang. Hadiah bagi pemenang di luar kota akan dikirim via pos. Jangan lupa mencantumkan nama dan alamat jelas serta nomor telepon yang dapat dihubungi.
Jawaban Kuis Sayuran No. 0107
1. 12,8 ton
2. 26,77/ 22,3 dan 9,57/ 8,31
3. Mempercepat pertumbuhan, memperpanjang akar, memperbanyak anakan, memperkuat batang, dan memaksimalkan pengisian bulir
4. Miyako
Baca Juga
KUIS SAYURAN NO. 100
KUIS SAYURAN NO. 097
KUIS SAYURAN NO. 095
Kuis Sayuran No. 103
KUIS SAYURAN NO. 106
Kuis Sayuran No. 102
Ke Mal Berwisata Bawah Laut
Memacu Tumbuh Bibit Sawit
Pasar Minta Madu Trigona
Mimbar Pembaca Edisi Desember 2019</isi></data>