<?xml version='1.0' encoding='utf-8'?>
<data><tanggalPost>22 March </tanggalPost><tanggalFetch>28/03/2020 22:38:40</tanggalFetch><judul>6 Ancaman Kualitas Air dan Dampaknya</judul><author>-</author><isi>Keberadaan air bersih semakin langka akibat enam ancaman ini. Polusi patogen dan organik menjadi masalah pertama. Bencana alam yang merusak infrastruktur air menempati posisi yang kedua. Perubahan iklim menempati posisi ketiga, terutama karena ancaman intrusi air laut ke air tawar.
Penggunaan air untuk produksi pangan dan energi menyedot jutaan kubik air setiap harinya, sehingga jika tidak diawasi akan memicu kelangkaan air bersih. Eksploitasi sumber daya alam, seperti hutan juga merusak sumber-sumber air bersama dengan pembangunan infrastruktur seperti jalan dan perumahan.
Banyak sumber-sumber air, setu, danau, rawa yang hilang akibat ditimbun dan digusur untuk perumahan. Hal ini memerburuk kesehatan masyarakat, merusak keanekaragaman hayati dan kelayakan air untuk dikonsumsi oleh manusia.
Redaksi Hijauku.com</isi></data>