<?xml version='1.0' encoding='utf-8'?>
<data><tanggalPost>-</tanggalPost><tanggalFetch>28/03/2020 10:24:35</tanggalFetch><judul>6 CIRI DAN CARA MEMBEDAKAN IKAN MUJAIR DAN IKAN NILA</judul><author>-</author><isi>Anda sering bingung membedakan Ikan Mujair dan Ikan Nila? Jangan kwatir lagi. Kali ini saya akan membahas mengenai cara membedakan Ikan Mujair dan Ikan Nila diliahat dari gambarnya. Dengan demikian anda dapat mebedakan antara Ikan Mujair dan Ikan Nila dengan cepat. Anda dapat membedakanya langsung hanya dengan mata kepala anda sendiri. Berikut beberapa cara membedakan Ikan Mujair dan Ikan Nila, Dilihat dari Gambar.
1. Perhatikan pada bagian ekor. Terlihat jelas Ekor Ikan nila terdapat garis yang memotong dari atas. Sedangkan jika perhatikan pada ikan Mujair tidak terdapat garis-garis yang memotong. Penampilan ekor mujair juga lebih hitam dibandingkan dengan ikan nila.
2. Jika dipehatikan Pada bagian sirip, ikan mujair tidak memiliki garis-garis yang memotong berdirinya sirip belakang. Sedangkan pada ikan Nila terlihat jelas adanya garis-garis yang memotong sirip belakang seperti pada ekor.
3. Perhatikan pada sirip punggung, Pada ikan mujair ujungnya berwarna kemerahan sedangkan pada ikan nila tidak ada. Bahkan tulang sirip ikan nila terlihat lebih jelas dan tajam sedangkan mujair tidak.
4. Perhatikan pada bagian mulut, Mulut ikan mujair lebih besar dari pada Ikan nila. Terlihat jelas mulut ikan Mujair lebih melebar ke samping sedangkan Mujair tidak.
   5.  Apa yang anda lihat jika memperhatikan sirip bawah? Terlihat jelas Sirip ikan mujair terlihat lebih lonjong dan hitam. Sedangkan pada ikan Nila, Sirip bawah terlihat transparan dan pendek melebar.
6.  Perbedaan yang terakhir, mengarah pada perbandingan badan. Iakan mujair memiliki badan yang lebih kecil memanjang sedangkan pada ikan Nila memiliki badan yang agak luas bulat. Ikan Nila memiliki ciri umum terlihat trasparan lebih cerah dibandingkan dengan ikan Mujair. Pada pada bagian perut, ikan Nila lebih besar perutnya.
Nah demikian cara cepat membedakan ikan Nila dan Ikan mujair dengan gambar. Semoga bermanfaat bagi teman yang melakukan budidaya Ikan. Sebab pada dunia perikanan terkadang mengalami kesulitan dalam membedakan kedua ikan air tawar tersebut, dan mungkin artikel ini dapat membantu dalam mendapatkan informasi mengenaik ikan nila dan mujair.
3 / 5 ( 1 vote )
SHARE THIS:
Click to share on Twitter (Opens in new window)
Click to share on Facebook (Opens in new window)</isi></data>