<?xml version='1.0' encoding='utf-8'?>
<data><tanggalPost>-</tanggalPost><tanggalFetch>28/03/2020 10:24:26</tanggalFetch><judul>6 KARAKTERISTIK MENGENAI LABA-LABA</judul><author>-</author><isi>Laba-laba adalah kelompok hewan karnivora terbesar di planet ini. Tanpa laba-laba, serangga akan mencapai proporsi hama di seluruh dunia. Gambaran laba-laba, makanan pilihan, dan keterampilan menangkap mangsa membedakannya dari arakhnida lainnya.
Daftar isi konten dalam artikel ini
1. APAKAH SPIDERS LIHAT SEPERTI?
2. MAKANAN YANG DIPERLUKAN
3. PEMBUATAN JARING LABA-LABA
4. HABITAT LABA-LABA
5. LABA-LABA UMUM
6. LABA-LABA DENGAN CORAK BUNGA YANG MENARIK
1. APAKAH SPIDERS LIHAT SEPERTI?
Laba-laba bukan serangga. Seperti serangga dan krustasea, mereka termasuk dalam subkelompok dalam arthropoda filum, yang berarti invertebrata dan memiliki exoskeleton.
Spider milik kelas Arachnida. Seperti semua arakhnida, laba-laba hanya memiliki dua daerah tubuh, sefalotaksinya, dan perut. Pada laba-laba, kedua daerah tubuh ini bergabung di pinggang sempit, disebut becak. Perut lembut dan tidak beregenerasi, sementara cephalothorax lebih keras dan mencakup delapan kaki yang diketahui laba-laba. Kebanyakan laba-laba memiliki delapan mata sederhana, meskipun beberapa memiliki sedikit atau bahkan tidak sama sekali.
Tidak semua arakhnida adalah laba-laba. Laba-laba milik ordo Araneae. Kalajengking dan ayah longlegs, yang biasanya bingung untuk laba-laba, termasuk dalam pesanan yang berbeda.
2. MAKANAN YANG DIPERLUKAN
Laba-laba memangsa organisme lain, biasanya serangga. Laba-laba menggunakan berbagai strategi untuk menangkap mangsa: menjebaknya di jaring lengket, melilitkannya dengan bola lengket, meniru mangsa untuk menghindari deteksi atau menjalankannya. Kebanyakan mendeteksi mangsa terutama dengan merasakan getaran, namun pemburu aktif memiliki penglihatan yang akut.
Laba-laba hanya bisa mengkonsumsi cairan, karena mereka kurang mengunyah melalui mulut.
Mereka menggunakan chelicerae, pelengkap runcing, seperti taring di depan cephalothorax, untuk menangkap mangsa dan menyuntikkan racun. Cairan pencernaan memecah makanan menjadi cairan, yang bisa tertelan oleh laba-laba.
3. PEMBUATAN JARING LABA-LABA
Semua laba-laba membuat sutra. Biasanya, spinnerets yang membuat sutera berada di bawah ujung perut, memungkinkan mereka untuk memutar sehelai sutra panjang di belakang mereka.
4. HABITAT LABA-LABA
Lebih dari 40.000 spesies laba-laba yang ditemukan di seluruh dunia di setiap benua kecuali Antartika dan telah terbentuk di hampir setiap habitat dengan pengecualian penjajahan udara dan laut. Mereka juga ditemukan di Arktik. Sebagian besar laba-laba terestrial, meski beberapa spesies khusus hidup di air tawar.
5. LABA-LABA UMUM
Beberapa laba-laba yang paling umum adalah sebagai berikut: penenun bola, yang dikenal dengan menenun jaring besar dan melingkar; Laba-laba jaring laba-laba, yang mencakup janda hitam berbisa; laba-laba serigala, laba-laba besar yang berburu di malam hari; tarantula, laba-laba berburu berbulu besar; dan melompat laba-laba, laba-laba kecil dengan mata besar dan kepribadian lebih besar.
6. LABA-LABA DENGAN CORAK BUNGA YANG MENARIK
Ada beberapa laba-laba yang memiliki fitur menarik yang membedakannya. Laba-laba kepiting bunga betina, juga dikenal sebagai Misumena vatia, berubah warna dari putih ke kuning agar sesuai dengan bunga, di mana mereka berbaring menunggu penyerbuk untuk makan.
Laba-laba dari genus Celaenia menyerupai kotoran burung, penyamaran pandai yang membuat mereka aman dari kebanyakan pemangsa. Laba-laba semut keluarga Zodariidae dinamakan demikian karena meniru semut. Beberapa menggunakan kaki depan mereka untuk meniru antena.
Laba-laba yang menakjubkan, yang dinamakan dengan magnificus Ordgarius, meniru mangsanya dengan memasang perangkap sutra dengan feromon. Feromon meniru hormon reproduksi ngengat, yang menarik ngengat jantan dengan prospek betina.
SHARE THIS:
Click to share on Twitter (Opens in new window)
Click to share on Facebook (Opens in new window)</isi></data>