<?xml version='1.0' encoding='utf-8'?>
<data><tanggalPost>-</tanggalPost><tanggalFetch>28/03/2020 10:21:47</tanggalFetch><judul>6 KELOMPOK SPESIES DASAR DARI HEWAN</judul><author>-</author><isi>Hewan-kompleks, organisme multiselular yang dilengkapi dengan sistem saraf dan kemampuan untuk mengejar atau menggantikan makanan mereka – dapat dibagi menjadi enam kategori besar. Pada artikel ini, Anda akan menemukan enam kelompok hewan utama, mulai dari yang paling sederhana (invertebrata) sampai yang paling kompleks (mamalia).
Daftar isi konten dalam artikel ini
1. Invertebrata
2. Ikan
3. Amfibi
4. Reptil
5. Burung-burung
6. Mamalia
1. INVERTEBRATA
Hewan pertama berevolusi, sejauh beberapa tahun yang lalu, invertebrata ditandai oleh kurangnya tulang punggung dan kerangka internal, serta anatomi dan perilaku yang relatif sederhana, setidaknya dibandingkan dengan kebanyakan vertebrata. Saat ini, invertebrata menghasilkan 97 persen dari semua spesies hewan; Kelompok yang bervariasi ini termasuk serangga, cacing, arthropoda, spons, moluska, gurita, dan keluarga lain yang tak terhitung jumlahnya.
2. IKAN
Vertebrata sejati pertama di bumi, ikan berevolusi dari nenek moyang invertebrata sekitar 500 juta tahun yang lalu, dan telah mendominasi samudra, danau dan sungai dunia sejak saat itu. Ada tiga jenis ikan utama: ikan bertulang (yang termasuk spesies seperti tuna dan salmon); Ikan cartilaginous (yang meliputi hiu, sinar dan sepatu roda); dan ikan tanpa rahang (keluarga kecil yang terdiri dari hagfish dan lamprey). Ikan bernapas menggunakan insang, dan mendeteksi arus air dan bahkan listrik.
3. AMFIBI
Ketika amfibi pertama berevolusi dari nenek moyang tetrapoda mereka, 400 juta tahun yang lalu, mereka dengan cepat menjadi vertebrata yang dominan di bumi. Namun, pemerintahan mereka tidak ditakdirkan untuk bertahan; kodok, kodok, salamander dan caecilian yang membentuk kelompok ini sejak lama telah berkompetisi dengan reptil, burung dan mamalia. Amfibia ditandai oleh gaya hidup semi-akuatik mereka, dan hari ini mereka termasuk hewan yang paling terancam punah di bumi.
4. REPTIL
Reptil, seperti amfibi, merupakan proporsi hewan terestrial yang cukup kecil – namun dalam bentuk dinosaurus, mereka menguasai bumi selama lebih dari 150 juta tahun. Ada empat jenis dasar reptil: buaya dan buaya, kura-kura dan kura-kura, ular, dan kadal. Reptil ditandai oleh metabolisme berdarah dingin mereka-mereka membuat bahan bakar dengan paparan sinar matahari – kulit bersisik mereka, dan telur kasar mereka, yang, tidak seperti amfibi, mereka dapat terbaring agak jauh dari badan air.
5. BURUNG-BURUNG
Burung berevolusi dari Era dinosaurus, dan hari ini mereka adalah vertebrata terbang paling produktif, berjumlah sekitar 10.000 spesies yang tersebar di 30 pesanan terpisah. Burung-burung dicirikan oleh mantel bulu mereka, metabolisme berdarah panas mereka, lagu-lagu kenangan mereka (setidaknya pada spesies tertentu), dan kemampuan mereka untuk beradaptasi dengan berbagai habitat dan tes di dataran Australia dan penguin garis pantai Antartika. .
6. MAMALIA
Adalah wajar bagi orang untuk menganggap mamalia sebagai puncak evolusi – bagaimanapun juga, manusia adalah mamalia, dan begitu pula nenek moyang kita. (Faktanya, mamalia termasuk di antara kelompok hewan yang paling tidak beragam – hanya ada sekitar 5.000 spesies secara keseluruhan!) Mamalia ditandai oleh rambut atau bulu mereka (yang dimiliki semua spesies selama beberapa tahap siklus hidup mereka), susu yang dengannya mereka menyusu anak muda mereka, dan metabolisme berdarah panas mereka, yang, seperti burung, membiarkan mereka menghuni berbagai habitat, mulai dari padang pasir hingga samudra sampai tundra Arktik. .
SHARE THIS:
Click to share on Twitter (Opens in new window)
Click to share on Facebook (Opens in new window)</isi></data>