<?xml version='1.0' encoding='utf-8'?>
<data><tanggalPost>-</tanggalPost><tanggalFetch>28/03/2020 10:25:20</tanggalFetch><judul>7 BAHAYA KECOA UNTUK KESEHATAN MANUSIA</judul><author>-</author><isi>Tidak hanya membuat Anda malu secara sosial jika kecoa bertebaran di rumah Anda, tapi kecoa juga dapat memberikan kontribusi untuk memperburuk kesehatan keluarga Anda. Serangga ini sendiri tidak menyebabkan penyakit, tapi mereka adalah vektor alias pembawa jutaan bakteri dan agen infeksi yang dapat menyebabkan berbagai penyakit, dari diare hingga keracunan makanan. Berikut adalah bahaya kecoa untuk manusia:
Daftar isi konten dalam artikel ini
1. Kontaminasi makanan
2. Perkembangbiakan bakteri penyebab penyakit
3. Gigitan kecoa
4. Penyerangan bagian tubuh
5. Keracunan makanan
6. Alergi
7. Asma
1. KONTAMINASI MAKANAN
Kecoa dapat hidup dengan memakan apapun. Terlepas dari makanan yang kita makan, mereka juga memakan tanaman mati, hewan, materi feses, lem, sabun, kertas, kulit, dan bahkan helai rambut yang jatuh. Sementara mereka merangkak di malam hari, mereka mencemari makanan terbuka dengan membuang kotoran di atasnya, meninggalkan rambut, kulit mati, dan juga kulit telur yang kosong di dalamnya.
2. PERKEMBANGBIAKAN BAKTERI PENYEBAB PENYAKIT
Bahaya kecoa lainnya adalah dari air liur mereka. Ketika kecoa makan, mereka memuntahkan air liur dan cairan pencernaan dari mulut mereka sendiri untuk menyuntik makanan Anda dengan kuman atau bakteri yang berada di usus mereka. Sebuah studi menemukan bahwa bakteri Pseudomonas aeruginosa dapat berkembang biak secara ekstensif dalam usus kecoa. Hal ini dapat menyebabkan beberapa penyakit seperti infeksi saluran kemih, masalah pencernaan, dan sepsis (keracunan darah).
3. GIGITAN KECOA
Beberapa spesies kecoa telah ditemukan dapat menggigit manusia. Bahaya kecoa yang ini memang jarang terjadi, tetapi jika rumah Anda sangat penuh dengan serangga ini, maka Anda harus berhati-hati karena mereka dapat menggigit kuku, jari kaki, dan bagian lunak dari kulit yang dapat menyebabkan luka.
4. PENYERANGAN BAGIAN TUBUH
Kecoa tidak hanya dapat menyerang rumah Anda, tetapi juga bagian tubuh Anda. Ada beberapa kasus bahwa kecoa memasuki telinga dan hidung ketika Anda tidur. Kecoa kecil dapat dengan mudah masuk ke lubang tubuh ketika Anda berada dalam tidur yang nyenyak.
5. KERACUNAN MAKANAN
Dalam wabah epidemi dari keracunan makanan, ditemukan bahwa penurunan kasus tersebut baru terjadi setelah kecoa tersingkirkan. Serangga ini juga merupakan rumah bagi bakteri Salmonella yang dapat menyebabkan tifus dan keracunan makanan.
6. ALERGI
Kecoa bisa menyebabkan alergi. Sekresi air liur dan bagian tubuh mereka yang berisi ratusan alergen dapat memicu reaksi yang tidak diinginkan. Anda mungkin akan menderita ruam kulit, bersin, mata, dan berair.
7. ASMA
Kecoa bisa menjadi musuh terburuk dari pengidap asma. Insiden serangan asma dapat meningkat jika rumah Anda penuh dengan kecoa. Alergen kecoa dapat menyebabkan komplikasi parah, dan bahkan dapat mengancam jiwa. Dan, orang-orang yang tidak menderita asma dapat terkena asma akibat menghirup alergen kecoa.
  Sumber : hellosehat
SHARE THIS:
Click to share on Twitter (Opens in new window)
Click to share on Facebook (Opens in new window)</isi></data>