<?xml version='1.0' encoding='utf-8'?>
<data><tanggalPost>-</tanggalPost><tanggalFetch>28/03/2020 10:06:32</tanggalFetch><judul>7 CONTOH SIMBIOSIS MUTUALISME HEWAN YANG ADA DI DARAT</judul><author>-</author><isi>Di dunia ini banyak sekali hubungan yang saling menguntungkan antar makluk hidup tak terkecuali Hewan. banyak sekali alam bahwa hewan juga saling bekerjasama demi kelangsungan hidup mereka. nah hal inilah yang disebut dengan simbiosis. ya walau ada yang menguntungkan maupun tidak menguntungkan.
Nah Hewanpedia memiliki informasi terkait 7 Simbiosis mutualis binatang yang terjadi di daratan :
Daftar isi konten dalam artikel ini
1. Buaya dan burung plover
2. Ratel atau Honey badger dan burung honeyguide
3. Burung kuntul dan mamalia darat
4. Zebra dan burung oxpecker
5. Zebra dan burung unta
6. Burung Pelatuk dan Semut Pohon
7. Semut daging dan Kupu-kupu
1. BUAYA DAN BURUNG PLOVER
Seperti yang kita tahu, buaya adalah binatang karnivora yang memakan binatang lain. Dia akan membuka mulutnya lebar-lebar, dan ketika seekor burung plover masuk ke dalam mulutnya, si buaya akan diam saja membiarkan si burung plover mencari makan di mulutnya sekaligus membersihkan sela-sela gigi si buaya dari sisa-sia makanan.
2. RATEL ATAU HONEY BADGER DAN BURUNG HONEYGUIDE
Burung honeyguide punya satu masalah, sebenarnya dia begitu ingin memakan madu yang ada di dalam sebuah koloni lebah, tetapi dia tidak punya nyali dan kemampuan untuk merampoknya. Maka dia pun bekerjasama dengan Ratel atau Honey badger, si binatang paling berani di dunia. Burung Akan menjadi pengantar atau penunjuk Ratel untuk menemukan sarang lebah madu, dan si burung akan mendapatkan keuntungan dari sarang lebah yang diporak-porandakan oleh Ratel. Seperti yang kita tahu, berkat burung honeyguide ini, manusia bisa 3x lebih cepat dalam menemukan sarang lebah madu loh.
3. BURUNG KUNTUL DAN MAMALIA DARAT
Egret atau burung kuntul senang makan kutu atau parasit yang ada di tubuh mamalia darat seperti kerbau, gajah, kudanil, dll. Berkat burung ini, para mamalia menjadi terbebas dari kutu, sementara si burung dapat mengobati rasa laparnya. Selain itu, burung kuntul memiliki kewaspadaan yang lebih dibandingkan dengan mamalia ini. Jadi terkadang, mereka juga menjadi semacam pemberi peringatan ketika ada bahaya.
4. ZEBRA DAN BURUNG OXPECKER
Burung Oxpecker bekerja seperti layaknya burung kuntul, tetapi lebih spesialis ke Zebra. Mereka makan kutu dan parasit dari punggung Zebra, serta menjadi alarm akan adanya bahaya yang datang bagi si Zebra. Namun terkadang, kerakusan burung Oxpecker ini justru membuat luka di punggung Zebra, karena mematuk lebih dalam untuk mendapatkan akar parasit untuk dimakan.
5. ZEBRA DAN BURUNG UNTA
Burung Oxcpecker bukanlah satu-satunya satwa yang bekerjasama dengan Zebra. Burung Unta, burung paling besar di dunia juga menjalin kerjasama dengan binatang bergaris-garis ini. Mereka akan saling memperingatkan jika ada bahaya. Burung Onta yang memiliki pendengaran dan penciuman yang buruk, dibantu oleh diperingatkan oleh Zebra yang pendengaran dan penciumannya baik. Sebaliknya, Zebra yang penglihatannya buruk, diperingatkan oleh burung Unta yang memiliki indera penglihatan jauh lebih baik. Keren bukan ?
6. BURUNG PELATUK DAN SEMUT POHON
Bisa dibilang ini adalah simbiosis yang paling aneh di dunia. Pada dasarnya burung pelatuk dan semut adalah predator dan mangsanya. Namun ada satu spesies burung pelatuk yang bernama southern rufous woodbecker yang melakukan gencatan senjata ketika bertelur. Si burung akan bertelur di sarang semut pohon, di mana telur-telur tersebut akan dijaga oleh si semut. Sementara si burung pelatuk akan berjaga di luar agar sarang semut tersebut tidak diserang oleh burung lain. Wadaw lucu ya..
7. SEMUT DAGING DAN KUPU-KUPU
Pada dasarnya semut daging atau meat ant merupakan binatang yang teritorial dan hidup dalam kerjasama sebuah koloni. Mereka memakan bangkai binatang yang mati dan mengusir spesies semut lainnya. Namun ternyata mereka juga dapat bekerjasama dengan spesies lain seperti kupu-kupu dan belalang daun. Semut daging ini akan melindungi kupu-kupu atau belalang dari predator karena kupu-kupu atau belalang enghasilkan sesuatu yang dapat mereka makan.
SHARE THIS:
Click to share on Twitter (Opens in new window)
Click to share on Facebook (Opens in new window)</isi></data>