<?xml version='1.0' encoding='utf-8'?>
<data><tanggalPost>-</tanggalPost><tanggalFetch>28/03/2020 10:17:51</tanggalFetch><judul>8 CIRI FISIK DAN JENIS IKAN GURAMI</judul><author>-</author><isi>Gurame atau yang lebih kita kenal dengan Gurami ini memiliki nama latin (Osphronemus Gouramy Lacepede) ini adalah rajanya hidangan ikan air tawar. Gurami ini memiliki tekstur daging yang kesat dan rasanya yang lezat menjadikan ikan ini memiliki harga yang tidak murah.
Namun tahukah sebenarnya apa saja cici-ciri fisik yang melekat pada ikan Gurami ? dan apa saja jenis-jenis ikan gurami ? berikut ulasan mengenai 8 ciri fisik ikan gurami dan jenis-jenis ikan gurami :
CIRI-CIRI FISIK IKAN GURAMI :
Ikan Gurami Memiliki Bentuk pipih dan lonjong dengan mulut kecil dan dapat dimoncongkan.
Pada Rahangnya memiliki Gigi-gigi kecil dan Gigi deretan luar lebih besar
Memiliki sisik yang relatif besar sedangkan pada kepala sisik memiliki tepian yang agak kasar
Memiliki Duri pada sirip Punggung dan Dubur dan semakin Tua ikan Gurami  maka ukuran Duri semakin besar
Memiliki sepasang Benang yang panjang yang digunakan sebagai Alat Peraba
Gurami muda memiliki 8 Garis tegak
Bagian tubuh diatas sirip  dubur terdapat bintik gelap dengan bintikan pinggiran berwarna kuning atau perak.
Pada bagian dasar sirip dada terdapat bintik hitam
JENIS-JENIS IKAN GURAMI :
Dilihat dari bentuknya ikan gurami memiliki 2 jenis
Gurami Angsa ; Memiliki tubuh yang relatif panjang dan sisiknya juga relatif lebar. Gurami ini memiliki berat sampai 8kg dan panjang 65cm.
Gurami Jepang ; Gurami jenis ini memiliki ciri-ciri tubuh yang relatif pendek dengan pajang hanya 45cm dan berat hanya 3,5kg.
Dilihat dari Warnanya Gurami memiliki 3 jenis :
Gurami Hitam
Gurami Putih
Gurami Belang
Itulah sedikit pengenalan tentang Ikan gurame atau masyarakat lebih sering menyebutnya Gurami.
5 / 5 ( 1 vote )
SHARE THIS:
Click to share on Twitter (Opens in new window)
Click to share on Facebook (Opens in new window)</isi></data>