<?xml version='1.0' encoding='utf-8'?>
<data><tanggalPost>-</tanggalPost><tanggalFetch>28/03/2020 10:10:41</tanggalFetch><judul>8 FAKTA MENARIK MENGENAI IKAN BARAKUDA</judul><author>-</author><isi>Barakuda kadang-kadang digambarkan sebagai ancaman samudera, tetapi apakah itu pantas untuk reputasi seperti itu? Ikan biasa ini mengancam gigi dan kebiasaan mendekati perenang, tapi bukan bahaya yang mungkin Anda pikirkan. Delapan fakta menarik tentang barakuda ini harus menjadi catatan langsung tentang ikan yang salah paham ini.
Daftar isi konten dalam artikel ini
1. Ada Sedikitnya 27 Jenis Ikan Barakuda
2. Ikan Barakuda tidak terlihat seperti ikan lainnya
3. Ikan BarakudaMenghuni Perairan Tropis dan Subtropis di Seluruh Dunia
4. Ikan Barakuda Makan Ikan yang Berkilau
5. Kecepatan ikan Barakuda Berenang Bisa Mencapai Hingga 35 Mph
6. Okan Barakuda Memiliki Gigi yang Menakutkan
7. ikan Barakuda Tidak Sama Berbahayanya
8. Ikan Barakuda Enak untuk di santap namun ikan Barakuda Besar bisa beracun
1. ADA SEDIKITNYA 27 JENIS IKAN BARAKUDA
Nama barakuda tidak berlaku untuk satu ikan tertentu, tapi seluruh keluarga ikan. Sphyraenidae adalah kelompok ikan yang dikenal secara kolektif sebagai barakuda. Spesies kebanyakan orang membayangkan ketika berpikir tentang barakuda mungkin barakuda besar (Sphyraena barracuda), ikan yang biasa ditemui. Tapi samudra di dunia penuh dengan segala jenis ikan Barakuda, termasuk ikan Barakuda gagak, ikan Barakuda gergaji, dan ikan Barakuda tajam. Beberapa spesies diberi nama untuk wilayah di mana mereka ditemukan, seperti ikan Barakuda Guinea, ikan Barakuda Meksiko, barakuda Jepang, dan ikan Barakuda Eropa.
2. IKAN BARAKUDA TIDAK TERLIHAT SEPERTI IKAN LAINNYA
Bahkan jika Anda baru mengenali ikan, Anda akan segera belajar mengenali tampilan khas ikan Barakuda. Barakuda memiliki tubuh panjang dan ramping yang meruncing di ujungnya dan lebih tebal di tengahnya. Kepala agak rata di atas dan menunjuk di depan, dan bagian rahang bawah ke depan, tajam. Dua sirip punggungnya berjauhan, dan sirip dada diposisikan rendah di tubuh. Sebagian besar spesies berwarna gelap di atas, dengan sisi perak dan garis lateral yang jelas yang membentang dari kepala ke ekor di setiap sisinya. Sirip ekor barakuda sedikit bercabang dan melengkung di tepi trailing. Spesies ikan Barakuda yang lebih kecil mungkin berukuran maksimal 20 inci, namun spesies yang lebih besar dapat mencapai ukuran 6 kaki atau lebih besar.
3. IKAN BARAKUDAMENGHUNI PERAIRAN TROPIS DAN SUBTROPIS DI SELURUH DUNIA
Sebagian besar spesies ikan Barakuda hidup di habitat dekat pantai, seperti padang lamun, bakau, dan terumbu karang. Mereka terutama ikan laut, meskipun beberapa varietas dapat mentolerir air payau di kali. ikan Barakuda mendiami Samudra Atlantik, Pasifik, dan Hindia, dan juga biasa ditemukan di Karibia dan Laut Merah.
4. IKAN BARAKUDA MAKAN IKAN YANG BERKILAU
Barracuda berburu terutama dengan penglihatan, mengamati air untuk tanda-tanda mangsa saat mereka berenang. Ikan yang lebih kecil paling terlihat ketika mereka memantulkan cahaya, dan sering terlihat seperti benda logam mengkilap di dalam air. Ini, sayangnya, dapat menyebabkan kesalahpahaman antara barakuda dan manusia di dalam air. Seorang perenang atau penyelam dengan sesuatu yang reflektif cenderung mendapat benjolan agresif dari barakuda yang penasaran. Barakuda tidak tertarik pada Anda, tentu saja. Ia hanya ingin mencicipi benda yang terlihat seperti ikan perak mengkilap. Tetap saja, agak tidak enak bila ada barakuda yang masuk ke gigi Anda, gigi lebih dulu, jadi lebih baik mengeluarkan sesuatu yang reflektif sebelum masuk ke air.
5. KECEPATAN IKAN BARAKUDA BERENANG BISA MENCAPAI HINGGA 35 MPH
Tubuh barakuda berbentuk seperti torpedo, dan dibuat untuk memotong air. Ikan panjang, ramping, dan berotot ini adalah salah satu mahluk tercepat di laut, mampu berenang hingga 35 mph. Barracuda berenang hampir secepat hiu mako yang sangat cepat. ikan Barakuda tidak bisa mempertahankan kecepatan tertinggi untuk jarak jauh. Barakuda adalah pelari cepat yang mampu menyemburkan kecepatan dalam mengejar mangsa. Mereka menghabiskan sebagian besar waktunya berenang cukup lambat untuk melakukan survei makanan, dan hanya mempercepat saat makan dalam jangkauan.
6. OKAN BARAKUDA MEMILIKI GIGI YANG MENAKUTKAN
Adakah yang lebih mengerikan daripada didekati oleh ikan tak kenal takut dengan mulut yang penuh dengan gigi tajam? ikan Barakuda memiliki mulut yang besar, dengan rahang panjang dan karakteristik underbite. Mereka juga memiliki banyak gigi. Sebenarnya, barakuda memiliki dua barisan gigi: barisan terluar dari gigi kecil tapi tajam untuk merobek daging, dan barisan dalam gigi panjang dan seperti belati untuk menangkap mangsanya dengan kuat. Beberapa gigi barakuda mengarah ke belakang, sebagai bantuan tambahan untuk mengamankan ikan menggeliat. Ikan yang lebih kecil dengan penuh kasih sayang ditelan utuh, tetapi ikan yang lebih besar secara efisien dipotong-potong dalam rahang lapar barakuda.
Seekor barakuda dapat membuka mulutnya cukup lebar untuk menangkap ikan yang ditemukannya, dari pembunuh kecil sampai kerapu keriting.
7. IKAN BARAKUDA TIDAK SAMA BERBAHAYANYA
Karena barakuda cukup umum dan menghuni perairan yang sama dimana orang berenang dan menyelam, kesempatan untuk bertemu dengan seorang barakuda cukup tinggi. Tapi meski dekat dengan orang-orang di dalam air, barakuda jarang menyerang atau melukai manusia. Kebanyakan gigitan terjadi ketika barracuda melakukan kesalahan pada objek logam untuk ikan, dan mencoba untuk merebutnya. Barakuda tidak akan terus menggigit setelah menyadari objek yang dimaksud bukanlah makanan. Serangan Barracuda jarang terjadi, dan hampir tidak pernah berakibat fatal. Gigi-gigi tersebut akan menyebabkan kerusakan pada lengan atau tungkai, sehingga korban biasanya membutuhkan jahitan.
8. IKAN BARAKUDA ENAK UNTUK DI SANTAP NAMUN IKAN BARAKUDA BESAR BISA BERACUN
Semakin besar barakuda, semakin besar kesempatan itu akan membuat Anda sakit. Di bagian bawah rantai makanan, plankton beracun yang dikenal sebagai toksin Gambiendiscus menempel pada ganggang di terumbu karang. Kecil, pakan ikan herbivora pada alga dan juga mengkonsumsi toksin. Ikan predator yang lebih besar memangsa ikan kecil, dan mengumpulkan konsentrasi toksin yang lebih tinggi dalam tubuh mereka. Setiap predator berturut-turut mengakumulasi lebih banyak racun. Sementara barakuda yang lebih kecil umumnya aman untuk dikonsumsi, barakuda yang lebih besar bisa bersifat ciguatoksik karena mereka mengkonsumsi ikan yang lebih besar dengan muatan toksin yang lebih tinggi.
Keracunan makanan Ciguatera tidak mungkin membunuh Anda, tetapi itu bukan pengalaman yang akan Anda nikmati. Biotoksin menyebabkan gejala gastrointestinal, neurologis, dan kardiovaskular yang bertahan selama berminggu-minggu atau berbulan-bulan. Pasien melaporkan halusinasi, nyeri otot dan sendi yang parah, iritasi kulit, dan bahkan pembalikan sensasi panas dan dingin. Sayangnya, tidak ada cara untuk mengidentifikasi barracuda ciguatoxic, dan baik panas maupun beku bisa membunuh racun yang larut dalam lemak dalam ikan yang terkontaminasi. Sebaiknya hindari mengonsumsi barakuda besar.
SHARE THIS:
Click to share on Twitter (Opens in new window)
Click to share on Facebook (Opens in new window)</isi></data>