<?xml version='1.0' encoding='utf-8'?>
<data><tanggalPost>-</tanggalPost><tanggalFetch>28/03/2020 10:18:00</tanggalFetch><judul>8 FAKTA MENARIK MENGENAI IKAN NILA</judul><author>-</author><isi>Nila merupakan ikan konsumsi yang banyak dibudidayakan petani ikan di berbagai wilayah Indonesia. Ikan ini disukai karena memiliki pertumbuhan yang cepat, gampang pakannya, tahan dengan kondisi air yang kurang baik, dan tahan kadar garam tinggi. Ikan ini memiliki nilai ekonomis tinggi karena memiliki kandungan protein dan asam lemak tak jenuh yang tinggi.
Berikut adalah fakta-fakta tentang ikan nila yang dapat menjadi referensi sebelum anda mulai membudidayakan ikan dari keluarga siklid ini.
Daftar isi konten dalam artikel ini
1. Ikan nila merupakan omnivora
2. Ikan nila dan mujair di luar negeri sama-sama disebut tilapia
3. Ikan nila dapat dipelihara dengan ikan jenis lain
4. Hanya nila jantan yang dibudidayakan di Amerika
5. Nila menjadi spesies invasif di beberapa negara
6. Nila tidak dapat hidup di negara empat musim
7. Penyebab rasa “seperti tanah” pada daging ikan nila
8. Nila memiliki kandungan nutrisi yang baik
1. IKAN NILA MERUPAKAN OMNIVORA
Nila merupakan ikan yang memakan baik hewan maupun tumbuhan (omnivora). Walaupun begitu nila di alam lebih banyak memakan tumbuhan air dan lumut dalam diet utamanya. Oleh karena itu, ikan ini sering dijadikan sebagai ikan pengontrol tumbuhan air di suatu tempat. Di Kenya, ikan ini juga digunakan untuk mengontrol pertumbuhan nyamuk, karena nila akan memakan jentik-jentik nyamuk di air.
2. IKAN NILA DAN MUJAIR DI LUAR NEGERI SAMA-SAMA DISEBUT TILAPIA
Di negara kita, nila dan mujair merupakan ikan yang berbeda walaupun keduanya mirip dan masih berkerabat dekat. Namun di luar negeri mereka disebut dengan nama yang sama yaitu tilapia. Ikan nila yang berkembang di Indonesia saat ini berasal dari spseies nile tilapia dan blue tilapia, sedangkan mujair merupakan mozambique tilapia.
3. IKAN NILA DAPAT DIPELIHARA DENGAN IKAN JENIS LAIN
Nila merupakan ikan yang tidak buas dan dapat dipelihara dengan ikan jenis lain. Mereka dapat dibudidayakan bersama ikan mas, ikan gurame, ikan bawal dan ikan lain dalam satu kolam.
4. HANYA NILA JANTAN YANG DIBUDIDAYAKAN DI AMERIKA
Nila merupakan ikan profilic breeders, mereka akan cepat berkembang biak dan menghasilkan keturunan baru. Apabila mencampur nila jantan dan betina, akibatnya akan banyak anakan nila namun pertumbuhan induk tidak seragam, dan ini tidak baik bagi peternak. Pertumbuhan yang baik adalah pertumbuhan yang seragam sehingga dapat dipanen dalam waktu yang bersamaan. Hal ini dapat diperoleh dengan hanya memelihara ikan jantan, caranya adalah dengan memberikan hormon testosteron ketika nila baru memetas. Pemberian hormon ini akan mengubah jenis kelamin nila menjadi jantan semua. Selain itu, ikan jantan memiliki pertumbuhan yang lebih cepat dibandingkan betina.
5. NILA MENJADI SPESIES INVASIF DI BEBERAPA NEGARA
Australia dan beberapa lokasi di Amerika, nila menjadi spesies invasif yang membahayakan spesies asli di alam. Hal ini karena ikan nila berkembang dengan cepat dan toleran terhadap berbagai kondisi air.
6. NILA TIDAK DAPAT HIDUP DI NEGARA EMPAT MUSIM
Tanpa perlakuan khusus, nila tidak dapat hidup di negara empat musim karena mereka tidak tahan dengan suhu dingin. Umumnya nila akan mati pada suhu sekitar 10 derajat celcius. Di Amerika mereka dibudidayakan di sekitar pembangkit listrik, memanfaatkan limbah panas yang dihasilkan oleh pembangkit listrik tersebut.
7. PENYEBAB RASA “SEPERTI TANAH” PADA DAGING IKAN NILA
Rasa “seperti tanah” pada daging nila disebabkan oleh geosamin dan 2-metilisoborneol yang dihasilkan cyanobakteria di air dan tanah sekitar tempatnya hidup. Apabila nila hidup di tempat yang jarang ditemukan cyanobakteria tersebut maka dagingnya akan bebas dari “rasa tanah” yang sangat menganggu itu. Nila yang dipelihara pada kolam yang bersih juga akan terbebas dari rasa tanah tersebut. Nila yang berasa tanah kurang disukai konsumen sehingga nilai ekonomisnya menjadi turun.
8. NILA MEMILIKI KANDUNGAN NUTRISI YANG BAIK
Nila memiliki kandungan asam lemak omega 3 yang tinggi dan sangat disarankan untuk dikonsumsi anak kecil pada masa pertumbuhan. Berdasarkan badan kesehatan Amerika tahun 2008, kandungan gizi dalam ikan nila adalah sebagai berikut.
1 / 5 ( 1 vote )
SHARE THIS:
Click to share on Twitter (Opens in new window)
Click to share on Facebook (Opens in new window)</isi></data>