<?xml version='1.0' encoding='utf-8'?>
<data><tanggalPost>-</tanggalPost><tanggalFetch>28/03/2020 09:57:58</tanggalFetch><judul>8 FILUM DALAM KLASIFIKASI AVERTEBRATA BESERTA CONTOH HEWANNYA</judul><author>-</author><isi>Avertebrata atau Invertebrata adalah kumpulan hewan yang tidak memiliki tulang belakang. Avertebrata meliputi seluruh hewan kecuali hewan Vertebrata (reptil, pisces, amfibia, aves, dan mamalia).
Daftar isi konten dalam artikel ini
8 filum dalam Klasifikasi Avertebrata
1. Porifera
2. Coelenterata
3.  Platyhelminthes
4. Nemanthelminthes
5. Annelida
6. Mollusca
7. Arthropoda
8. Echinodermata
8 FILUM DALAM KLASIFIKASI AVERTEBRATA
1. PORIFERA
Porifera adalah hewan multiseluler yang paling sederhana. Karena hewan ini memiliki tubuh yang berpori. Porifera dapat dimanfaatkan sebagai bahan baku spons yang sering digunakan untuk perlengkapan mandi dan pengisi tempat duduk kendaraan.
2. COELENTERATA
Kelompok hewan berongga (Coelenterata) mempunyai bentuk tubuh seperti tabung. Bentuk tubuhnya beragam, tetapi mempunyai rongga dengan mulut yang dikelilingi oleh tentakel. Dalam keadaan berenang, mulutnya menghadap ke dasar laut.
3.  PLATYHELMINTHES
Platyhelminthes dalam bahasa Yunani artinya Cacing Pipih. Cacing Pipih adalah filum dalam kerajaan Animalia (hewan). Filum ini mencakup semua  Cacing pipih kecuali Nemertea, yang dulu merupakan salah satu kelas pada Platyhelminthes yang telah dipisahkan.
4. NEMANTHELMINTHES
Nemathelminthes berasal dari bahas latin, nematos artinya benang dan nelminthes artinya cacing. Anggota-anggota Nemathelminthes mencakup berbagai cacing gilig: hewan dengan tubuh silinder memanjang, tidak beruas-ruas, dan sangat panjang.
5. ANNELIDA
Annelida berasal dari kata annulus yang berarti cincin dan oidos yang berarti bentuk. Annelida atau cacing gelang adalah cacing yang tubuhnya bersegmen. Annellida adalah hewan tripoblastik (tripoblastik: hewan yang memiliki 3 lapisan tubuh) yang memiliki rongga tubuh sejati (hewan selomata) dan merupakan hewan dengan stuktur tubuhnya paling sederhana.
6. MOLLUSCA
Moluska berasal dari bahasa latin: molluscus yang artinya lunak. Moluska adalah hewan triploblastik slomata yang bertubuh lunak. Mollusca hidup di laut, air tawar, payau, dan darat. Beberapa Mollusca memiliki cangkang. Filum Mollusca merupakan filum terbesar kedua setelah Artropoda.
7. ARTHROPODA
Artropoda memiliki nama lain yaitu hewan berbuku-buku. Artropoda bisa ditemukan di laut, air tawar, darat, dan di udara. Artropoda bisa menjadi parasit. Filum Artropoda memiliki spesies yang paling besar, yaitu 75% dari seluruh hewan yang ada di seluruh dunia.
8. ECHINODERMATA
Echinodermata berasal dari bahasa Yunani yang artinya Kulit Berduri. Filum Echinodermata, kelompok hewan ini ditemukan di hampir semua kedalaman laut. Echinodermata adalah filum hewan terbesear yang tidak memiliki anggota yang hidup di air tawar atau darat.
SHARE THIS:
Click to share on Twitter (Opens in new window)
Click to share on Facebook (Opens in new window)</isi></data>