<?xml version='1.0' encoding='utf-8'?>
<data><tanggalPost>-</tanggalPost><tanggalFetch>28/03/2020 10:18:08</tanggalFetch><judul>8 JENIS IKAN PATIN YANG ADA DI INDONESIA</judul><author>-</author><isi>Ikan patin adalh ikan yang memiliki tubuh panjang berwarna putih silver dengan punggung berwarna biru kehitaman.Ikan ini dikenal sebagai komoditi ikan yang berprospek bagus untuk ladang bisnis, karena memiliki harga jual yang relatif mahal. Ikan patin merupakan jenis ikan konsumsi air tawar, yang banyak di gemari oleh banyak orang terutama di wilayah indonesia.
Jika dilihat dari bentuk dan besarnya ikan patin memiliki banyak jenis. Adapun dari jenis-jenis ikan patin tersebut yakni sebagai berikut:
Daftar isi konten dalam artikel ini
1. Patin muncung (Helicophagus waandersii)
2. Lawang (Pangasius niewenhuisi)
3. Juaro (Pangasius polyuranodon)
4. Pangasius nasutus
5. Jambal, Patin (Pangasius jambal)
6. Ikan patin Wakal (Pangasius micronema)
7. Patin Rioscaring, lancang, Riu, Rios (Pangasius macronema)
8. Pangasius lithostoma
1. PATIN MUNCUNG (HELICOPHAGUS WAANDERSII)
Patin muncung (Helicophagus waandersii) adalah ikan patin yang berasal dari Sumatera, Kaltim yang biasanya memiliki panjang maksimum 50 cm. Gigi veromine dan palatine atau dalam bidang lebar. Tonjolan tulang lengan pada pangkal sirip dada memanjang sampai dua pertiga atau tiga perempat jaraknya dari ujung sirip dada. Moncongnya meruncing. Penyebaran ikan ini di Kalimantan Timur.
2. LAWANG (PANGASIUS NIEWENHUISI)
Lawang (Pangasius niewenhuisi) adalah spesie iakan patin yang berasal dari Jawa, Sumatera, Kalimantan dengan panjang biasanya mencapai 60 cm.
3. JUARO (PANGASIUS POLYURANODON)
Juaro (Pangasius polyuranodon) adalah iakan patin yang biasanya memiliki panjang sekitar 80 cm. Ikan patin ini tersebar di darah Sumatera, Kalimantan.
4. PANGASIUS NASUTUS
Patin atau dikenal dengan nama ilmia Pangasius nasutus adalah ikan patin yang berasal dari daerah Jawa, Kalimantan dan biasanya memiliki panjang sekitar 90 cm. Moncong ikan ini bentuknya runcing tajam dan sangat mencolok. Kumpulan gigi veromine lebarnya tiga kali panjangnya. Matanya sangat kecil (enam kali lebih pendek daripada panjang kepala) dan terletak di atas gari sudut mulut. Jumlah jari-jari siripdubur relatif sedikit. Ketika mulutnya tertutup,gigi-gigi rahang atas terlihat semua. Penyebaran ikan ini di Sumatra, Kalimantan, dan Malaysia.
5. JAMBAL, PATIN (PANGASIUS JAMBAL)
Jambal, Patin (Pangasius jambal) adalah jenis ikan patin yang paling banyak berkembang di daerah Jawa, Sumatera Kalimantan. Ikan ini biasanya memiliki panjang lebih dari 120 cm. Cukup besar bukan.
6. IKAN PATIN WAKAL (PANGASIUS MICRONEMA)
Ikan patin Wakal memiliki nama ilmia yakni Pangasius micronema adalah ikan patin yang paling banyak ditemui di wilayah Jawa, Kalimantan dan memiliki panjang yang sama dengan patinlawang yakni 60 cm.
7. PATIN RIOSCARING, LANCANG, RIU, RIOS (PANGASIUS MACRONEMA)
Patin Rioscaring, lancang, Riu, Rios juga dikenal dengan nama Pangasius macronema merupakan patin yang berasal dari daerah Kalimantan Barat dan biasanya berkuran kecil yakni sekitar 20 cm. Patin Pangasius humeralis yaitu ikan patin yang biasanya berkembang didaerah Kalimantan Barat dan memiliki panjang yang masimal 40 cm.
8. PANGASIUS LITHOSTOMA
Patin yang terakhir yakni patin Pangasius lithostoma merupakan ikan yang berasal dari daerah Kalimantan dan memiliki panjang yang 20 cm.
SHARE THIS:
Click to share on Twitter (Opens in new window)
Click to share on Facebook (Opens in new window)</isi></data>