<?xml version='1.0' encoding='utf-8'?>
<data><tanggalPost>-</tanggalPost><tanggalFetch>28/03/2020 10:18:19</tanggalFetch><judul>8 MACAM BAHAN PENGAWET IKAN ALAMI</judul><author>-</author><isi>Apakah macam-macam bahan pengawet ikan yang alami? Untuk meningkatkan umur simpannya, ikan perlu diawetkan. Sayangnya penggunaan bahan-bahan kimia untuk mengawetkan ikan akan menyebabkannya terkontaminasi oleh zat-zat beracun. Akibatnya ikan tersebut akan berbahaya bagi kesehatan jika dikonsumsi.
Perlu Anda ketahui, daya simpan ikan segar sangat dipengaruhi oleh kadar air di dalamnya. Semakin banyak jumlah air yang terkandung di dalam ikan, maka semakin cepat pula ikan tersebut membusuk. Jadi untuk memperlama waktu penyimpanannya, Anda bisa mengurangi kadar air di dalam ikan atau merubah wujud air ini menjadi es. Dengan demikian, ikan ini pun terlindung dari kuman dan bakteri.
Ada beberapa bahan alami yang dapat digunakan untuk mengawetkan ikan supaya daya simpannya lebih lama. Di antaranya yaitu :
Daftar isi konten dalam artikel ini
Garam
Gula
Cuka
Keragenan
Ekstrak Rosemary
Buah picung
Buah Kepayang
Buah gambir
GARAM
Garam sudah lama digunakan oleh masyarakat Indonesia sebagai bahan pengawet ikan. Tujuan utama pemberian garam ialah menghambat pertumbuhan bakteri serta melindunginya dari jamur. Ikan yang telah digarami akan memiliki waktu penyimpanan yang jauh lebih lama daripada ikan segar. Sayangnya konsumsi garam secara berlebihan dapat menimbulkan penyakit hipertensi.
GULA
Gula biasanya dipakai untuk mengawetkan buah-buahan sehingga menjadi manisan dan sirup. Ternyata gula juga dapat dimanfaatkan sebagai bahan pengawet untuk ikan segar lho. Gula mampu mencegah pertumbuhan bakteri dan mengurangi kadar air di bahan makanan. Hanya saja karakteristik ikan yang diawetkan menggunakan gula akan berubah. ikan yang telah digulai ini selanjutnya bisa diolah menjadi hidangan khas Jawa dan Padang yang kental dengan rasa manis.
CUKA
Salah satu bahan pengawet alami yang mempunyai kemampuan kuat yakni cuka. Cuka sangat efektif digunakan sebagai bahan pengawet karena sanggup membunuh kuman dan bakteri. Kandungan zat di dalam cuka yang berperan penting dalam proses ini yaitu asam asetat atau asam etanoat. Anda bisa merendam ikan segar selama beberapa saat di cairan cuka untuk mengawetkannya.
KERAGENAN
Keragenan merupakan bahan alami pembentuk gel yang biasa dipakai untuk mengenyalkan adonan mie dan bakso. Keragenan terbuat dari rumput laut yang berjenis Euchema sp. Keragenan sengaja diciptakan sebagai bahan alami pengganti boraks. Dengan mengawetkan ikan memakai keragenan, maka usia penyimpanannya dapat bertahan lebih lama.
EKSTRAK ROSEMARY
Bahan pengawet ikan alami yang memiliki kualitas paling bagus ialah ekstrak rosemary. Sayangnya harga bahan ini di Indonesia terbilang cukup mahal. Ekstrak rosemary dibuat melalui proses penyulingan daun tanaman rosemary. Bahan ini terbukti mampu bertindak sebagai antioksidan yang handal dan mencegah terjadinya proses oksidasi pada bahan makanan. Kelebihan dari penggunaan ekstrak rosemary sebagai bahan pengawet adalah ikan yang diawetkan akan mempunyai rasa, warna, tekstur, dan aroma yang tidak jauh berubah.
BUAH PICUNG
Buah picung dikenal pula dengan sebutan buah kluwak. Buah ini biasa dimanfaatkan sebagai bumbu dapur terutama dalam membuat masakan rawon. Sekarang Anda bisa memakai buah picung sebagai pengawet ikan karena terbukti lebih ekonomis daripada penggunaan es batu. Perbandingan jumlah picung yang diperlukan untuk mengawetkan ikan ialah 1:50. Jadi Anda hanya perlu memakai 1 kg cacahan buah picung untuk mengawetkan 50 kg ikan segar. Buah picung mampu membuat ikan lebih awet dalam waktu 6 hari ke depan.
BUAH KEPAYANG
Buah kepayang juga sudah lama dipakai untuk mengawetkan ikan sebab tumbuhan ini tersebar secara luas di Nusantara. Anda perlu mencincang buah ini sampai halus terlebih dahulu. Setelah itu, jemur cincangan buah kepayan selama 2-3 hari supaya kondisinya kering sempurna. Selanjutnya Anda bisa memasukkan bahan tersebut secukupnya ke dalam bagian perut ikan. Ikan segar yang diawetkan menggunakan buah kepayang akan bertahan selama 6-7 hari.
BUAH GAMBIR
Gambir (Uncariae Romulus et Uncus) merupakan tumbuhan yang termasuk salah satu anggota dari famili Rubiaceae. Kebanyakan masyarakat kita memanfaatkan buah gambir sebagai salah satu bahan pelengkap untuk menyirih. Tahukah Anda, gambir ternyata bisa diandalkan juga sebagai bahan pengawet ikan. Gambir mengandung zat katekin mencegah kerusakan makanan akibat aktivitas mikroorganisme dan degradasi reaksi oksidasi.
5 / 5 ( 1 vote )
SHARE THIS:
Click to share on Twitter (Opens in new window)
Click to share on Facebook (Opens in new window)</isi></data>