<?xml version='1.0' encoding='utf-8'?>
<data><tanggalPost>-</tanggalPost><tanggalFetch>28/03/2020 10:06:30</tanggalFetch><judul>8 MANFAAT TELUR AYAM TERHADAP KESEHATAN MANUSIA</judul><author>-</author><isi>Serba-serbi Peternakan-Telur adalah zigot yang dihasilkan melalui fertilisasi sel telur dan berfungsi memelihara dan menjaga embrio. Telur adalah salah satu bahan makanan hewani yang dikonsumsi selain daging, ikan dan susu. Umumnya telur yang dikonsumsi berasal dari jenis-jenis burung, seperti ayam, bebek, dan angsa. Manfaat telur untuk kesehatan, antara lain:
Daftar isi konten dalam artikel ini
Meningkatkan konsentrasi
Mengatur berat badan
Perkembangan otak
Melindungi penglihatan
Membantu mencegah penggumpalan darah
Telur merupakan sumber gizi yang sangat baik
Telur mengandung Kolin untuk otak
Sumber vitamin B
MENINGKATKAN KONSENTRASI
Nutrisi yang baik akan mempengaruhi kemampuan anak untuk belajar. Memulai hari dengan menu sarapan yang sehat dan menyertakan telur akan memberikan anda dan keluarga anda sebuah awal yang bernutrisi untuk memulai hari. Ini karena hampir semua nutrisi penting yang dibutuhkan oleh tubuh anda bisa anda dapatkan dalam sebutir telur.
MENGATUR BERAT BADAN
Protein di dalam telur bisa membantu anda menurunkan berat badan dengan cara mengontrol tingkat penyerapan kalori oleh tubuh anda. Saat ingin mengatur berat badan, pilihlah makanan yang memberikan jumlah nutrisi maksimum dengan jumlah kalori yang minimum.
PERKEMBANGAN OTAK
Telur memberikan kita kekuatan otak. Choline, sebuah zat yang diterdapat di dalam kuning telur, memicu perkembangan dan fungsi otak.
MELINDUNGI PENGLIHATAN
Telur membantu mata anda agar tetap sehat. Lutein dan zeaxanthin adalah antioxidant yang ditemukan dalam putih telur, dan dipercaya mampu melindungi mata dari kerusakan akibat radiasi ultraviolet dari sinar matahari.Telur membantu tubuh anda untuk mengontrol tingkat penyerapan energi (kalori) yang di dapat dari makanan. Telur adalah salah satu dari beberapa makanan yang dianggap memiliki protein lengkap.
MEMBANTU MENCEGAH PENGGUMPALAN DARAH
Memakan telur mungkin bisa menurunkan resiko serangan jantung atau stroke, karena telur membantu mencegah pembekuan darah. Zat anti-clotting yang terdapat di dalam kuning telur akan menghalangi terjadinya pembekuan, tergantung dari jumlah dosis, semakin banyak kuning telur yang dimakan tinggi aksi pencegahannya.
TELUR MERUPAKAN SUMBER GIZI YANG SANGAT BAIK
Satu butir telur mengandung sekitar 6 gram protein, sejumlah vitamin (A, B, D, K), kolin, selenium, yodium, fosfor, besi, dan seng.
TELUR MENGANDUNG KOLIN UNTUK OTAK
Kolin pada telur diperlukan untuk kesehatan membran sel di seluruh tubuh Anda, dan membantu tubuh Anda menjaga kadar homocysteine di tingkat normal.  Homocysteine adalah asam amino yang berkaitan dengan risiko penyakit jantung. Kolin juga baik untuk fungsi mental dan memori.
SUMBER VITAMIN B
Selain berperan dalam fungsi otak dan sistem saraf, choline juga baik bagi kesehatan jantung. Hal ini karena kandungan vitamin B dalam coline membantu mengubah homocysteine, molekul yang bisa merusak pembuluh darah, menjadi substansi yang justru menguntungkan bagi tubuh. Telur juga merupakan sumber vitamin B12, jenis vitamin B, yang sangat berperan dalam proses pengubahan homocysteine menjadi molekul-molekul yang aman bagi tubuh. Itulah, tadi mengenai telur yang merupakan produk peternakan. Semoga bermanfaat.
  2 / 5 ( 1 vote )
SHARE THIS:
Click to share on Twitter (Opens in new window)
Click to share on Facebook (Opens in new window)</isi></data>