<?xml version='1.0' encoding='utf-8'?>
<data><tanggalPost>6 January </tanggalPost><tanggalFetch>28/03/2020 22:42:33</tanggalFetch><judul>9 Aksi Lingkungan Tingkatkan Kesehatan</judul><author>-</author><isi>Sering kita bertanya, apa yang bisa kita lakukan untuk lingkungan yang sekaligus berdampak pada kesehatan kita. Infografis dari Organisasi Kesehatan Dunia (WHO) ini memberikan jawabnya. Tentu saja masih banyak aksi dan solusi lain yang bisa kita lakukan di lapangan. Temukan pembahasannya di Hijauku.com. Salam literasi, salam aksi, salam bestari.
Redaksi Hijauku.com</isi></data>