<?xml version='1.0' encoding='utf-8'?>
<data><tanggalPost>22 February </tanggalPost><tanggalFetch>28/03/2020 22:39:59</tanggalFetch><judul>9 Manfaat Pohon di Perkotaan</judul><author>-</author><isi>Banjir yang melanda hampir seluruh wilayah Jakarta, Selasa 21/2,  mengingatkan kita kembali mengenai pentingnya menanam pohon dan manfaat keberadaan ruang terbuka hijau di perkotaan.
Dari sembilan manfaat menanam pohon di perkotaan, pohon mampu mengatur aliran air dan meningkatkan kualitasnya, termasuk mengendalikan banjir. Alih guna lahan di perkotaan menjadi kantor dan perumahan menyebabkan kota kekurangan ruang terbuka hijau. Lahan di daerah aliran sungai  (DAS) juga banyak yang terdegradasi. Menanam pohon di wilayah ini bisa menjadi solusi untuk meningkatkan wilayah penyerapan air.
Pohon juga mampu menurunkan suhu, selain menyerap polusi udara dan polusi iklim. Pohon membantu menghemat energi, menjadi sumber biomassa dan sumber pangan. Masyarakat yang tinggal dekat dengan pepohonan, seperti  mereka yang tinggal dekat dengan hutan kota, akan lebih sehat secara fisik dan kejiwaan. Lingkungan yang asri juga meningkatkan nilai jual properti  atau rumah. Dan yang terpenting lagi, kita bisa menikmati kicauan burung di pagi hari sebagai wujud terjaganya keanekaragaman hayati di ruang terbuka hijau. Yuk kembali tanam pohon.
Redaksi Hijauku.com</isi></data>