<?xml version='1.0' encoding='utf-8'?>
<data><tanggalPost>-</tanggalPost><tanggalFetch>28/03/2020 10:06:52</tanggalFetch><judul>9 SIFAT ALAMI TOKEK YANG HARUS DIPAHAMI SEBELUM MEMELIHARA</judul><author>-</author><isi>Tokek sebagai salah satu reptil yang banyak di kaitkan dengan berbagai mitos di masyarakat memiliki berbagai sifat alami. mulai dari sifat fisik hingga mental. lalu apa saja ? simak9 Sifat Alami Tokek yang Harus dipahami Sebelum Memelihara di bawah ini :
Daftar isi konten dalam artikel ini
1 Tokek Merupakan Binatang yang tahan lapar, serta tahan cuaca
2. Tokek Merupakan hewan kanibal
3. Tokek Gampang Stress
4. Peletakan kandang di tempat yang sesuai
5. Adaptasi tokek dari ditangkap dan masuk kandang
6. Tujuan memisahkan per kandang
7. Ukuran kandang Tokek
8. Makanan Tokek
9. Cara memegang Tokek
1 TOKEK MERUPAKAN BINATANG YANG TAHAN LAPAR, SERTA TAHAN CUACA
Jadi kalo tokek gak diberi makan selama 1 minggu ato 2 minggu, itu gak masalah. Atopun dicuaca panas ato dingin itu juga gak masalah.
2. TOKEK MERUPAKAN HEWAN KANIBAL
Jadi jika dia kumpul jadi 1 kandang, dan merasa lapar,dia bersifat kanibal.  Dia mempunyai pedoman siapa yang kuat dia yang menang, jadi ada hukum rimba di sini. Jadi saran saya 1 kandang 1 tokek. Supaya tidak ada persaingan makanan.
3. TOKEK GAMPANG STRESS
Dan Karena tokek yang gampang stres, maka sekali diletakan dikandang, jangan dipindah pindah lagi baik tokek maupun kandangnya. Tujuannya supaya tokek tidak stres, akibatnya dia akan gak doyan makan. Sebenarya tokek mati, rata rata mengalami stres. Soalnya ketika saya pertama kali banyak yang mati.
4. PELETAKAN KANDANG DI TEMPAT YANG SESUAI
Tempatnya usahakan di luar, kalo bisa dibawah pohon. Tujuanya supaya tetap merasa di alam.
5. ADAPTASI TOKEK DARI DITANGKAP DAN MASUK KANDANG
Biasanya tokek tidak mau makan selama 2 minggu ato bahkan lebih. Tapi jika kandang dibuat dari kayu, adaptasi akan menjadi lebih cepat. Jadi saya sarankan buat kandang dari kayu.
6. TUJUAN MEMISAHKAN PER KANDANG
Yaitu supaya tokek tidak bertelur ato berkembang biak. Karena tujuan utama saya yaitu membesarkan bukan membudidayakan.
7. UKURAN KANDANG TOKEK
Syaratnya harus dari kayu, dan agak gelap. Madsutnya gelap semua tertutup kecuali pintu mengunakan kawat streamin. Dan usahakan max 2 ekor tokek dalam 1 kandang. Kalo ditempat saya menggunakan bekas lemari baju dari kayu, saya modif dengan pintu menggunakan kawat streamin.
8. MAKANAN TOKEK
Serangga adalah makanan tokek. Ini akan merangsang tokek menjadi lebih besar. Dalam hal ini bisa menggunakan jangkrik/Kroto sebagai makanan tokek.Untuk peningkatan beberapa ons itu tergantung banyak faktor, usahakan jangan sampai tokek merasa stress itu aja. buat kandang senyaman mungkin.
9. CARA MEMEGANG TOKEK
Tokek memang agak menakutkan. biasanya memegang posisi dari belakang, dan sasaran kepalanya, jangan ekornya, karena dia akan melepaskan ekornya kalo dipegang, kayak cicak.caranya kalo kegigit, siram mulutnya dengan air hangat ato, alihkan gigitanya dengan benda agak lunak misal kain.
SHARE THIS:
Click to share on Twitter (Opens in new window)
Click to share on Facebook (Opens in new window)</isi></data>