<?xml version='1.0' encoding='utf-8'?>
<data><tanggalPost>August 19, 2019</tanggalPost><tanggalFetch>27/03/2020 22:36:08</tanggalFetch><judul>Panduan Lengkap Cara Menanam Abutilon, Si Kembang Sore Bagi Pemula</judul><author /><isi>Panduan Lengkap Cara Menanam Abutilon, Si Kembang Sore Bagi Pemula – Tanaman abutilon atau kembang sore (Abutilon indicum) adalah jenis perdu obat-obatan dari famili Malvaceae yang tumbuh di daerah beriklim tropis dengan suhu hangat. Seluruh bagian tumbuhan menahun tersebut dapat digunakan sebagai obat-obatan. Abutilon merupakan kelompok hibrida populer yang semi-tropis, semak-semak lembut yang biasanya tumbuh hingga 2-3 m (6-10 kaki) di dataran tinggi dimana dapat dibiarkan di tanah sepanjang tahun.
Baca Juga : Menanam Bunga Rosella
Ada banyak varietas bernama Abutilon, yang bisa tumbuh hingga 1,5 m (5 kaki) menyebar dan bisa mulai berbunga saat masih sangat muda. Bunganya mekar akan berukuran sekitar 5cm (2 inci) panjang dan lonceng berbentuk dengan benang sari oranye atau kuning menonjol dan hijau pucat.
Jika diberi pencahayaan yang baik dan perawatan yang baik, Abutilon menghasilkan bunga tipis pada batang yang terkulai hampir sepanjang tahun. Bunga abutilon bisa berwarna merah, kuning, merah muda, oranye atau persik, tergantung varietas. Beberapa varietas memiliki daun berbintik-bintik kuning, tapi petani banyak menanam abutilon dengan daun hijau pekat.
Daftar Isi Artikel [show]
Cara Menanam Abutilon, Si Kembang Sore Bagi Pemula
Perbanyakan Bibit Abutilon
Bibit abutilon dapat diambil dari setek ujung 8-10cm (3-4 inci) panjang dari tanaman di musim semi atau musim panas, celupkan ujung potongan ke dalam bubuk rooting hormon, kemudian masukkan dalam pot kecil dalam campuran bagian yang sama dari lumut gambut yang dilembabkan dan pasir kasar atau dalam perlite dan tutup setiap pot dengan kantong plastik.
Baca Juga : Menanam Keji Beling
Tempatkan pot di bawah sinar matahari tidak langsung; stek akan berakar dalam 3-4 minggu. Setelah itu, pindahkan mereka ke dalam pot yang sedikit lebih besar dari campuran pot berbasis tanah, tapi simpan pot-pot yang terbuka dalam cahaya yang disaring selama 2 atau 3 minggu berikutnya dan air cukup untuk menjaga campuran pot tersebut tetap lembab. Setelah itu, tanaman bisa diperlakukan sebagai abutilon dewasa.
Lokasi Tanam Abutilon
Posisi sinar matahari penuh adalah yang terbaik, tapi Abutilon hybridum juga akan berbunga di bagian naungan. Yang paling baik di bagian naungan (posisi di mana tanaman menerima sinar matahari pagi) di musim panas, terutama bagi mereka yang memiliki dedaunan yang beraneka ragam. Dedaunan bisa layu di bawah sinar matahari sore penuh.
Tanaman ini tidak akan mampu bertahan dengan naungan penuh karena mereka membutuhkan cahaya untuk berkembang dalam jangka waktu yang lama (sekitar 9 bulan/tahun atau bahkan sepanjang tahun).
Baca Juga : Menanam Kumis Kucing
Perawatan Tanaman Abutilon
Tanaman Abutilon hybridum cenderung ke arah kerdil, jadi penting untuk memangkasnya kembali dengan sepertiga ukurannya di musim semi, sesaat sebelum pertumbuhan baru dimulai. Buang setiap pucuk yang memenuhi bagian tengah dan kurangi batang lainnya sepertiga. Pangkas batang juga sesekali untuk membentuknya.
Abutilon hybridum bisa disimpan di luar ruangan di bawah sinar matahari yang disaring selama bulan-bulan di musim panas, tetapi harus dikembalikan ke dalam ruangan sebelum cuaca beku.
Tanaman Abutilon hybridum membutuhkan cahaya terang dengan setidaknya 3-4 jam sinar matahari langsung setiap hari. Tempatkan tanaman untuk menerima cahaya dari jendela selatan atau barat. Tanaman ini tumbuh dengan baik dalam suhu ruangan rata-rata 18-24° C (65-75° F) sepanjang tahun. Suhu minimum adalah 10°C (50°F).
Baca Juga : Menanam Tanaman Bunga Landep
Tanaman ini membutuhkan kelembaban sedang, sehingga lakukan penyiraman secukupnya saja. Selain itu, lakukan pemupukan dengan menggunakan pupuk cair setiap dua minggu selama periode pertumbuhan aktif saja. Di musim dingin, beri pupuk setiap bulan, karena tanaman tumbuh lebih lambat.
Jika tanaman sudah mulai tumbuh besar, maka bisa pindahkan ke pot berukuran lebih besar. Jika sudah berumur dua atau tiga tahun maka bisa buang tanaman dan tanam bibit baru.
Demikian pembahasan tentang cara menanam abutilon dan perawatannya semoga bermanfaat dan jangan lupa ikuti postingan lainnya.</isi></data>