<?xml version='1.0' encoding='utf-8'?>
<data><tanggalPost>on 11/07/2018</tanggalPost><tanggalFetch>28/03/2020 12:58:01</tanggalFetch><judul>Adenium Berbunga Serempak</judul><author>by admin trubus</author><isi>Adenium Berbunga Serempak
Filed in Rubrik Tetap, tip tanaman hias by admin trubus on 11/07/2018
Adenium yang tumbuh subur dan berbunga serempak dambaan para pehobi. Mereka lazimnya memanfaatkan Vitamin B1 untuk meningkatkan pertumbuhan daun dan pembungaan adenium. Pehobi di Pekanbaru, Provinsi Riau, Dian Widiasih memilih bahan alami yaitu leri atau air dari cucian beras. Air cucian beras mengandung vitamin, mineral, dan protein yang memiliki peran yang sama dengan vitamin B1 konvensional.Dian menyarankan menggunakan air cucian beras dengan intensitas penyiraman cukup setiap 2 pekan, setelah kurang lebih 4 kali penyiraman, adenium subur secara serempak.***
Baca Juga
Johan di Kota Pahlawan
SIAP KOKEDAMA
Bukan Adenium Biasa
Membidani Ratu Daun Terbaik
Anthurium Mangkuk Idaman
Hari Indah Kian Berkesan
Nutrisi Tanaman Hias
Agar Ruang Kian Hijau
Sikat Sikas Agar Sehat
Sedap Malam Segar 9 Hari</isi></data>