<?xml version='1.0' encoding='utf-8'?>
<data><tanggalPost>on 06/04/2018</tanggalPost><tanggalFetch>28/03/2020 13:30:13</tanggalFetch><judul>Agar Mata Sehat</judul><author>by admin trubus</author><isi>Agar Mata Sehat
Filed in info sehat, Rubrik Tetap by admin trubus on 06/04/2018
Buah salak yang manis, masam, dan sepat berkhasiat sebagai obat. Menurut penelitian Pusat Studi Biofarmaka, Institut Pertanian Bogor, salak mengandung vitamin C dan betakaroten sehingga dapat menjaga kesehatan mata. Kandungan betakaroten pada buah salak 5,5 kali lebih besar daripada mangga, 3 kali dari jambu dan 5 kali dari semangka. Selain itu, mengonsumsi 20 gram salak muda dapat mengurangi penyakit diare. Sebab, buah anggota famili Arecaceae itu mengandung antioksidan alami, yakni asam klorogenat, (-)-epikatekin, dan proanthocyanidins.
Baca Juga
Salak Rival Asam Urat
Bikin Mata Lebih Awas
Salak Awet 14 Hari
Kentang Tingkatkan Hemoglobin
Jani Ginting: Tebang Sawit Pilih Salak
Salak Turunkan Kolesterol
Biji Pepaya Atasi Diare
Setop Karies Gigi
Mimbar Pembaca Edisi Desember 2019
Petai Cina Obat Luka</isi></data>