<?xml version='1.0' encoding='utf-8'?>
<data><tanggalPost>on 14/12/2017</tanggalPost><tanggalFetch>28/03/2020 13:55:22</tanggalFetch><judul>Agribisnis Inklusif</judul><author>by Admin</author><isi>Agribisnis Inklusif
Filed in Peristiwa by Admin on 14/12/2017
Departemen Agribisnis, Fakultas Ekonomi dan Manajemen (FEM), Institut Pertanian Bogor (IPB) bersama Yayasan Suligar Indonesia dan Perhimpunan Ekonomi Pertanian (Perhepi) menggelar Seminar Nasional “Menuju Agribisnis Indonesia yang Inklusif, Berkelanjutan, dan Berdaya Saing”. Dalam kegiatan yang digelar pada 8 November 2017 di IPB International Convention Center (IICC) Bogor itu juga berlangsung penandatanganan nota kesepahaman kerja sama antara IPB dengan Pemerintah Kabupaten Blora dan PT Gendis Multi Money-Bulog. Menurut Bupati Kabupaten Blora, Djoko Nugroho, kerja sama itu sebuah langkah yang tepat. Potensi Kabupaten Blora luar biasa. Hampir setengahnya merupakan hutan jati dengan luas 150.000 ha. “Jumlah produksi jagung kami nomor dua di Jawa Tengah, setelah Grobogan. Produksi padi juga meningkat pesat dalam 2—3 tahun ini, begitu juga komoditas lain. Popoulasi sapi pedaging kami terbesar di Indonesia,” tuturnya. ***
Baca Juga
Menuju Agribisnis Indonesia yang Inklusif, Berkelanjutan, dan Berdayasaing
AGROKAPITAL
Pembangunan Agribisnis Berkelanjutan
Pembangunan Agribisnis Berkelanjutan
Kebangkitan Hortikultura
Ekshibisi Peternakan 2017
Restorasi Ekosistem
Indonesia Agrofood Expo 2019 ke-19
Sosialisasi Sorgum
Pameran Flori Indonesia 2017</isi></data>