<?xml version='1.0' encoding='utf-8'?>
<data><tanggalPost>on 06/04/2018</tanggalPost><tanggalFetch>28/03/2020 13:29:55</tanggalFetch><judul>Agrowisata Mangga</judul><author>by admin trubus</author><isi>Agrowisata Mangga
Filed in Peristiwa by admin trubus on 06/04/2018
Kelompok Tani Hortikultura Agrimania tengah mengembangkan agrowisata mangga terbesar dan terluas di Indramayu, Provinsi Jawa Barat. Lokasi agrowisata di Desa Jatisura, Kecamatan Cikedung, Kabupaten Indramayu, seluas 15 hektare. Indramayu identik dengan mangga. Sebab, wilayah itu menjadi sentra beragam mangga seperti cengkir, gedong gincu, dan harumanis. Kelompok Tani Hortikultura Agrimania juga merenovasi Gedung Pendidikan dan Pelatihan Pertanian yang sebagian dananya dari tanggung jawab sosial perusahaan (CSR) Pertamina. Saat peresmian gedung, hadir Asisten Sekretaris Daerah Bidang Pertanian, Takmid, Ketua Yayasan Durian Indonesia, Dr. Ir. Mohamad Reza Tirtawinata, M.S., dan anggota Kelompok Tani Hortikultura Agrimania.
Baca Juga
Mencegah Mangga Malformasi
Parade Tabulampot Gres
Batasi Karamba di Danau Toba
Sagu Raksasa Tertidur
Panen Mangga di Luar Musim
Pasar Kalkun Kian Terkuak
Untung Ganda Karena Napier
Urip Ibrahim : Meroket Setelah Menang
Tinggi Lemak Terus Langsing
Tanam Tiram Organik</isi></data>