<?xml version='1.0' encoding='utf-8'?>
<data><tanggalPost>26 March </tanggalPost><tanggalFetch>28/03/2020 22:38:25</tanggalFetch><judul>Air Mineral Botol Tak Ramah Lingkungan</judul><author>-</author><isi>Air mineral dalam botol yang biasa kita nikmati ternyata sangat tidak ramah lingkungan. Selain menghasilkan sampah plastik, air mineral dalam botol diproduksi dengan membuang banyak sumber daya. Perusahaan air mineral memerlukan 3 liter air dan setengah liter minyak untuk menghasilkan satu liter air mineral dalam botol yang siap untuk dikonsumsi. Belum lagi energi yang diperlukan untuk transportasi dan produksi air mineral dalam botol. Dengan membawa botol minum sendiri, Anda bisa mengurangi sampah plastik, konsumsi air dan minyak yang tidak ramah lingkungan.
Redaksi Hijauku.com</isi></data>