<?xml version='1.0' encoding='utf-8'?>
<data><tanggalPost>on 16/01/2018</tanggalPost><tanggalFetch>28/03/2020 13:46:20</tanggalFetch><judul>Air Untuk Kucing</judul><author>by Admin</author><isi>Air Untuk Kucing
Filed in Rubrik Tetap, tip satwa by Admin on 16/01/2018
Kucing kesayangan kerap rewel dan susah minum? Bisa jadi kucing tidak menyukai air yang disediakan. Menurut Corporate Affairs Manager PT Royal Canin Indonesia, drh. Novi Wulandari, air yang selalu segar syarat utama agar air disukai kucing. Oleh karena itu sebaiknya gunakan wadah minum berbahan keramik agar air selalu sejuk. Ukuran wadah pun mesti lebar agar kumis klangenan tidak basah ketika minum. Pehobi juga harus rutin mengganti air minum. Jika tidak, kucing lebih suka meminum air dari toilet daripada tempat minumnya sendiri.***
Baca Juga
Atasi Kucing Diare
Cegah Kucing Flu
Tanah untuk Skabies
Tuna untuk Kucing
Rawat Minim Bulu
Atasi Kucing Keracunan
Susu Penyebab Dehidrasi
Obat Cacing untuk Kucing
Ikan Mentah Terlarang
Pertolongan Pertama Kucing Muntah</isi></data>