<?xml version='1.0' encoding='utf-8'?>
<data><tanggalPost>on 07/09/2017</tanggalPost><tanggalFetch>28/03/2020 14:26:10</tanggalFetch><judul>Air Kelapa Rangsang Tunas</judul><author>by Admin</author><isi>Air Kelapa Rangsang Tunas
Filed in organik, Rubrik Tetap by Admin on 07/09/2017
Salah satu kendala budidaya temulawak adalah pertumbuhan rimpang lambat atau tidak serempak. Asma Karimah dari Fakultas Pertanian Universitas Gadjah Mada, Yogyakarta memberikan air kelapa untuk merangsang tunas rimpang temulawak. Hasilnya, temulawak yang memperoleh larutan 50% air kelapa muda mampunyai indeks vigor tertinggi, yaitu 16,14. Indeks vigor adalah kemampuan benih untuk tumbuh optimal. Air kelapa mengandung sitokinin yang meningkatkan metabolisme asam nukleat dan sintesis protein yang memicu keluarnya tunas.***
Baca Juga
Air Kelapa Pacu Tumbuh Ara
Air Kelapa Berubah Tali
Bikin Sendiri Kefir Kelapa
Kendala Berniaga Kelapa
Lemak Versus Tifus
Berjaya di Bisnis Kelapa
Air Kelapa Rival Wasir
Cara Enak untuk Sehat
Selamat Tinggal Radang Tulang
Mimbar Pembaca Edisi Desember 2019</isi></data>