<?xml version='1.0' encoding='utf-8'?>
<data><tanggalPost>on 06/04/2018</tanggalPost><tanggalFetch>28/03/2020 13:30:07</tanggalFetch><judul>Akademi Sapi</judul><author>by admin trubus</author><isi>Akademi Sapi
Filed in Peristiwa by admin trubus on 06/04/2018
Di Aksara Alexis Farm, Kebun Trisakti Nagrak, Kecamatan Gunungputri, Kabupaten Bogor, Jawa Barat, berlangsung peresmian program Akademi Sapi Oentoek Rakjat (Aksara) pada 7 Februari 2017. Menurut Rektor Universitas Trisakti, Prof. Dr. Ali Ghufron Mufti, M.Sc., PhD., berdirinya Aksara untuk berdaulat politik, ideologi, dan mandiri secara ekonomi serta berkebudayaan. “Untuk mandiri tentu kebutuhan bahan pokok harus terpenuhi. Salah satu yang penting daging sapi. Jangan sampai kita bergantung pada negara lain,” kata Ghufron. Program kegiatan di total lahan 120 hektare itu terselenggara atas kerjasama Pusat Kajian Pertanian Pangan dan Advokasi (Pataka) dan Universitas Trisakti.
Baca Juga
Ternak Sapi Antirugi
Produksi Susu Naik 50%
Robot di Kandang Sapi
Ilusi Daging Sapi
Tepat Perah Susu Sapi
Jaga Mutu Susu
Sapi Pedaging : Tanpa Stres di Sabana
Kerja Sama Polbangtan dan PTPN III
Dosis Tepat Hijauan
Ternak Terbaik Tanah Pasundan</isi></data>