<?xml version='1.0' encoding='utf-8'?>
<data><tanggalPost>on 04/12/2018</tanggalPost><tanggalFetch>28/03/2020 12:31:26</tanggalFetch><judul>Akuarium di Peturasan</judul><author>by admin trubus</author><isi>Akuarium di Peturasan
Filed in agrineka by admin trubus on 04/12/2018
Sebuah kafe di tepi Pantai Matsue, Jepang, sekilas tampak biasa saja mirip kafe-kafe lainnya. Kouichi Miyanaga membuat sebuah peturasan atau toilet di kafenya seolah berada di dalam akuarium. Pengunjung yang memasuki peturasan itu, terasa seperti di dalam laut, dikelilingi air dan ikan berenang bebas. Untuk membuat akuarium itu, Miyanaga merogoh kocek sekitar 30 juta yen atau Rp4 miltar untuk sebuah peturasan akuarium. Miyanaga ingin anak-anak sampai orang dewasa merasakan keindahan alam laut tanpa harus ke laut.
Baca Juga
Akuarium Biotope: Berpindah Alam ke Akuarium
Kelinci Penghuni Kafe
Bertani di Lembar Polimer
Melon Apel
Pangan dan Bahasa
Menawan di Wadah Jumbo
Akuarium
Teh Organik Pasok Pasar Ekspor
Pakan Fermentasi Hemat Biaya 40%
Kiat Hemat Biaya Tanam</isi></data>