<?xml version='1.0' encoding='utf-8'?>
<data><tanggalPost>on 16/09/2019</tanggalPost><tanggalFetch>28/03/2020 11:26:33</tanggalFetch><judul>Al Azhar Edutani Expo 2019</judul><author>by admin trubus</author><isi>Al Azhar Edutani Expo 2019
Filed in Peristiwa by admin trubus on 16/09/2019
Lembaga Amil Zakat (LAZ) Al Azhar menggelar Al Azhar Edutani Expo 2019 pada 5—9 Agustus 2019. Gelaran itu menampilkan beragam produk pertanian dari desa binaan LAZ Al Azhar meliputi beras, kopi, aneka sayuran, bibit tanaman, pupuk, dan ternak. Acara berlangsung di kompleks Masjid Agung Al Azhar, Kecamatan Kebayoran Baru, Jakarta Selatan. Panitia juga mengadakan gelar wicara atau talk show mengenai peluang dan tantangan pertanian masa kini. Direktur Eksekutif LAZ Al Azhar, Agus Nafi, mengatakan, Edutani Expo bentuk perluasan nilai manfaat pengelolaan zakat, infak, sedekah, wakaf, dan dana sosial LAZ Al Azhar. Itu untuk penanggulangan kemiskinan masyarakat desa.
Baca Juga
Hari Jadi Aliansi Masyarakat Adat
Kerja Sama Polbangtan dan PTPN III
Masa Depan Bioteknologi
Diet Atasi Autoimun
Mereka Melirik Kopi Organik
Kumbang Beras Pakan Baru Walet
Kefir Versus Kepiting Ganas
Pasar Kopi Organik
Banyak Jalan Cari Modal
Jamur di Lantai Hutan</isi></data>