<?xml version='1.0' encoding='utf-8'?>
<data><tanggalPost>-</tanggalPost><tanggalFetch>28/03/2020 10:06:48</tanggalFetch><judul>ALASAN DAN FAKTOR MIGRASI IKAN SALMON MENURUT ILMIAH</judul><author>-</author><isi>Secara umum, salmon adalah spesies anadromous, yaitu spesies yang bermigrasi untuk berkembang biak. Salmon lahir di perairan air tawar, bermigrasi ke lautan, lalu kembali ke air tawar untuk bereproduksi. Terdapat suatu kepercayaan bahwa salmon selalu kembali ke tempat yang sama di mana ia dilahirkan untuk berkembang biak. Penelitian menunjukkan demikian, namun alasan mengapa hal itu terjadi dan bagaimana salmon dapat menyimpan memori tersebut masih misteri.
Daftar isi konten dalam artikel ini
Faktor-faktor yang mempengaruhi Ikan Salmon migrasi :
1. Faktor External migrasi Ikan Salmon
2. Faktor internal migrasi Ikan Salmon
FAKTOR-FAKTOR YANG MEMPENGARUHI IKAN SALMON MIGRASI :
Migrasi ikan dipengaruhi oleh beberapa faktor baik faktor eksternal (berupa faktor lingkungan yang secara langsung atau tidak langsung berperan dalam migrasi ikan) maupun internal (faktor yang terdapat dalam tubuh ikan).
1. FAKTOR EXTERNAL MIGRASI IKAN SALMON
Bimbingan ikan yang lebih dewasa Ikan mampu melakukan migrasi untuk kembali ke daerah asal karena adanya bimbingan dari ikan yang lebih tua. Contoh: migrasi ikan herring Norwegia atau ikan Cod laut Barents, ikan lebih tua cenderung tiba di tujuan lebih dulu dari pada ikan muda
Bau perairan Ikan anadromous mampu bermigrasi ke daerah asal dengan melalui beberapa cabang sungai, kemampuan memilih cabang sungai yang benar diduga dilakukan dengan mengenali bau-bauan bahan organik yang terdapat dalam sungai. Contoh: Ikan salmon mampu mengenali bau morpholine dengan konsentrasi 1 x 10-6ppm, jika suatu cabang sungai diberi larutan morpholine, maka ikan salmon akan masuk ke cabang sungai tadi. Hal ini menunjukkan bahwa ikan menggunakan indera pencium untuk bermigrasi ke daerah asalnya.
Suhu : Fluktuasi suhu dan perubahan geografis merupakan faktor penting yang merangsang dan menentukan pengkonsentrasian serta pengelompokkan ikan. Suhu akan mempengaruhi proses metabolisme, aktifitas erakan tubuh dan berfungsi sebagai stimulus saraf. Contoh: suhu permukaan yang disukai ikan cakalang berkisar 160-260C, sedangkan suhu tinggi merupakan faktor penghambat bagi ikan salmon untuk bermigrasi (pada suhu 240C tidak ada ikan salmon yang bermigrasi).
Salinitas: Ikan cenderung memilih medium dengan salinitas yang lebih sesuai dengan tekanan osmotik tubuh mereka masing-masing. Perubahan salinitas akan merangsang ikan untuk melakukan migrasi ke tempat yang memiliki salinitas yang sesuai dengan tekanan osmotik tubuhnya. Contoh: Seriola qiuqueradiata menyukai medium dengan salinitas 19 ppt, sedangkan ikan cakalang menyukai perairan dengan kadar salinitas 33-35 ppt.
Arus pasang surut: Arus akan mempengaruhi migrasi ikan melalui transport pasif telur ikan dan juvenil dari daerah pemijahan menuju daerah asuhan dan mungkin berorientasi sebagai arus yang berlawanan pada saat spesies dewasa bermigrasi dari daerah makanan menuju ke daerah pemijahan. Ikan dewasa yang baru selesai memijah juga memanfaatkan arus untuk kembali ke daerah makanan. Pasang surut di perairan menyebabkan terjadinya arus di perairan yang disebut arus pasang dan arus surut.
Intensitas cahaya : Perubahan intensitas cahaya sangat mempengaruhi pola penyebaran ikan, tetapi respon ikan terhadap perubahan intensitas cahaya dipengaruhi oleh jenis ikan, suhu dan tingkat kekeruhan perairan. Ikan mempunyai kecenderungan membentuk kelompok kecil pada siang hari dan menyebar pada malam hari.
Musim : Musim akan mempengaruhi migrasi vertikal dan horisontal ikan, migrasi ini kemungkinan dikontrol oleh suhu dan intensitas cahaya. Ikan pelagis dan ikan demersal mengalami migrasi musiman horisontal, mereka biasanya menuju ke perairan lebih dangkal atau dekat permukaan selama musim panas dan menuju perairan lebih dalam pada musim dingin.
Matahari Ikan-ikan pelagis yang bergerak pada lapisan permukaan yang jernih kemungkinan besar menggunakan matahari sebagai kompas mereka, tetapi hal ini mungkin tidak berlaku bagi ikan-ikan laut dalam yang melakukan migrasi akibat pengaruh musim.
Pencemaran air limbah : Pencemaran air limbah akan mempengaruhi migrasi ikan, penambahan kualitas air limbah dapat menyebabkan perubahan pola migrasi ikan ke bagian hulu sungai. Contoh: ikan white catfish pada musim pemijahan banyak terdapat didaerah muara, padahal biasanya ikan ini memijah di hulu sungai. Tetapi migrasi mereka terhalang oleh air limbah di hulu sungai.
2. FAKTOR INTERNAL MIGRASI IKAN SALMON
Kematangan gonad . Kematangan gonad diduga merupakan salah satu pendorong bagi ikan untuk melakukan migrasi, meskipun bisa terjadi ikan-ikan tersebut melakukan migrasi sebagai proses untuk melakukan pematangan gonad.
Kelenjar-kelenjar internal: Migrasi ikan Cod di laut Barent dikontrol oleh kelenjar tiroid yang berada di kerongkongan, kelenjar tersebut aktif pada bulan September yang merupakan waktu pemijahan ikan Cod.
Insting : Ikan mampu menemukan kembali daerah asal mereka meskipun sebelumnya ikan tersebut menetas dan tumbuh di daerah yang sangat jauh dari tempat asalnya dan belum pernah melewati daerah tersebut, kemampuan ini diduga berasal dari faktor insting.
Aktifitas renang. Aktifitas renang ikan meningkat pada malam hari, kebanyakan ikan bertulang rawan (elasmobranch) dan ikan bertulang keras (teleost) lebih aktif berenang pada malam hari daripada di siang hari.
Namun dalam proses migrasi ini, ikan salmon juga harus menghadapi hambatan dan rintangan dalam proses perjalanannya kembali ke perairan air tawar.
SHARE THIS:
Click to share on Twitter (Opens in new window)
Click to share on Facebook (Opens in new window)</isi></data>