<?xml version='1.0' encoding='utf-8'?>
<data><tanggalPost> 6 bulan ago</tanggalPost><tanggalFetch>28/03/2020 22:18:46</tanggalFetch><judul>Alaskan Malamute Harga </judul><author>Altarra</author><isi>Alaskan Malamute Harga – Alaskan Malamute menampilkan tubuh yang kuat serta kokoh, sosoknya secara sekilas sangatlah menampilkan kekuatan dan stamina yang terlihat secara spontan karena fisiknya. Anjing jenis ini termasuk ke dalam ras yang pintar, mereka memiliki sifat kemimpinan yang tinggi sehingga sangat bisa untuk diandalkan, hal lainnya adalah mereka sangat suka tantangan dan mudah untuk bosan.
Untuk pemilik pemula, kamu tampaknya harus sedikit waspada karena jenis anjing ini termasuk jenis yang sensitif dan membutuhkan persahabatan langsung serta waktu untuk bersama-sama dengan sentuhan yang tepat. Mereka sangat tidak cocok untuk hidup didalam apartemen, karena mereka akan merasa ruang lingkupnya dibatasi dan mudah bosan pada akhirnya.
Anjing Alaskan Malamute merupakan anjing yang memiliki energi tinggi dan karenanya mereka sangatlah membutuhkan olahraga yang kuat serta teratur, jika kamu berencana untuk meninggalkan mereka untuk sendirian didalam rumah dalam beberapa waktu, setibanya kalian kembali ia bisa menjadi memiliki sifat yang destruktif karena kamu meninggalkannya sendiri.
Walaupun mereka sangat sensitif namun mereka adalah tipe yang sangat setia dan loyal terhadap pemilik dan keluarga, mereka akan melindungi keluarganya meskipun itu harus mengorbankan dirinya sendiri, jika kamu mencari anjing yang cerdas, terlatih dan memiliki kasih sayang seumur hidup, menurut kami anjing ras ini sangatlah cocok untuk kamu pelihara.
Anjing Alaskan Malamute Harga
Anjing Alaskan Malamute Harga nya berapa sih? itu adalah pertanyaan yang sangat sering kami dengar akhir-akhir ini didalam email admin@infobinatang.com dan jawabannya akan kami sampaikan didalam postingan ini.
Karena popularitas dan juga kesetiaan serta penampilannya yang menarik, tidak mengejutkan bahwa ras ini sangat digemari meskipun di Indonesia. Dan berikut adalah Anjing Alaskan Malamute Harga :
Umur Champion Harga
Puppy No Rp8.000.000
Adult No Rp6.000.000
Puppy Yes Rp40.000.000
Adult Yes Rp30.000.000
Jika menurut kalian harga dari anjing alaskan malamute kian mahal, kami memiliki tips yang bisa kalian coba agar bisa memelihara anjing ini namun budget yang dikeluarkan tidaklah banyak, berikut adalah caranya :
Beli di pasar hewan
Pasar hewan merupakan salah satu tempat dimana anjing ini bisa ditemui dengan harga yang terjangkau, kenapa bisa terjangkau? karena distribusi dari pasar hewan biasanya lebih simple dan oleh karena itu berdampak pada murahnya harga binatang yang dijual disana.
Masuk Kedalam Group dan menunggu Hibah
Difacebook dan whatsapp, banyak sekali group yang bertemakan anjing dan juga alaskan malamute, biasanya didalam group banyak juga para anggota yang mau menghibahkan peliharaannya karena berbagai alasan, ada yang karena sudah terlalu banyak, tidak sanggup memelihara lagi karena ekonomi yang turun atau semacamnya, disaat seperti itu ketika kamu harus mengajukan diri, karena ketika sang pemilik merasa cocok denganmu, kamu bisa saja dihibahkan anjing secara gratis olehnya.
Dokter Hewan
Banyak sekali pemilik menaruh binatangnya di dokter hewan dan tidak mengambilnya kembali, ini juga bisa dijadikan kesempatan untukmu agar bisa memiliki alaskan malamute, jadi saran kami perbanyaklah relasi dan beritahu maksud tujuanmu agar ketika ada kesempatan kamu bisa diberikan notif dan kamu bisa mengambil kesempatan tersebut.
Sekian sudah artikel Anjing alaskan malamute Harga, jika dilihat secara sekilas memang kualitas dari ras ini sangatlah baik dan bisa dijadikan sebagai sahabat hingga hari tua, namun dibalik itu biaya adopsinya sangatlah mahal sehingga kadang niat baik kita tertahan oleh biaya adopsi, namun sobat yang harus diperhatikan sebenarnya adalah tentang biaya berkelanjutan, jika kamu untuk adopsinya saja harus memaksakan ekonomi, bagaimana nanti ketika merawatnya? karena merawat binatang sama mahalnya dengan harga adopsi binatang, jadi sebelum kalian membuat komitmen pastikan kamu sudah berfikir jangka panjangnya ya.</isi></data>