<?xml version='1.0' encoding='utf-8'?>
<data><tanggalPost>on 14/05/2018</tanggalPost><tanggalFetch>28/03/2020 13:12:11</tanggalFetch><judul>Alokasia Macet Daun</judul><author>by admin trubus</author><isi>Alokasia Macet Daun
Filed in Rubrik Tetap, tip tanaman hias by admin trubus on 14/05/2018
Tanaman alokasia memiliki fase dormansi. Selama masa “istirahat” tumbuh itu tanaman mengandalkan cadangan nutrisi dalam umbi untuk tetap hidup. Jika kondisi tidak ideal berlangsung terus-menerus, umbi kehabisan cadangan nutrisi dan mati. Untuk mengatasinya gunakan media seperti kompos, sekam bakar, dan andam dengan perbandingan 1:3:6. Pilihan lain, campuran humus daun bambu, pupuk kandang, dan cacahan pakis dengan rasio 2:1:1. Letakkan umbi di tempat teduh dengan intensitas cahaya 30—45%. Berikan nutrisi dengan pupuk NPK lambat urai, misalnya, Dekastar 18-9-10. Pupuk itu bisa bertahan sekitar 3 bulan.***
Baca Juga
Kilapkan Daun Aglaonema
Kontes Tanaman Hias Trofi Untuk Lucia
Membidani Ratu Daun Terbaik
Lebih Cepat 6 Bulan
Anthurium Mangkuk Idaman
Lidah Mertua Terindah
Hari Indah Kian Berkesan
SIAP KOKEDAMA
Maitake Pendamping terapi Anti Kanker
Darah Hyakinthos Baru</isi></data>