<?xml version='1.0' encoding='utf-8'?>
<data><tanggalPost> 8 bulan ago</tanggalPost><tanggalFetch>28/03/2020 22:31:04</tanggalFetch><judul>American Pitbull Terrier </judul><author>Altarra</author><isi>Setia, Pekerja Keras, Berpenampilan menarik
Rankink Popularitas : Tidak Terdaftar
Tinggi Tubuh : 45-48cm
Tinggi Tubuh : 45-48cm
Berat Tubuh : 13-37kg
Waktu Hidup : 12 Tahun Hingga 15 Tahun
Group Anjing : Kelompok Terrier
Deskripsi Anjing American Pitbull Terrier
Jenis Anjing American Pitbull Terrier merupakan jenis anjing yang sangat cocok untuk dijadikan sahabat ataupun bagian dari keluarga, sifatnya yang sangat penyayang dan setia, sangat cocok menjadi sahabat untuk kita semua.
American Pitbull Terrier bukanlah pilihan yang baik jika kamu termasuk dalam kategori orang yang sibuk maka hanya sedikit waktu untuk bermain dengan si anjing. Jenis ras ini harus mendapatkan banyak perhatian dan pelatihan karena ketika tidak di latih dan di beri perhatian, banyak di antaranya mereka tumbuh dengan sikap keras kepala.
Jenis dari ras ini termasuk dalam ras yang sangat agresif sehingga bisa saja mengejar dan membuat ulah terhadap lingkungan dan ajing lain. Mereka bukanlah tipe yang tiba-tiba membuat ulah, namun mereka adalah tipe yang tidak akan mundur ketika ada seseorang atau anjing lain mengganggunya.
Sejarah Anjing American Pitbull Terrier
Jenis Anjing Terrier pada hakikatnya di ciptakan di negara inggris guna olahraga yang melibatkan manusia dan juga binatang. Namun ketika pada tahun 1835, ketika olahraga tersebut dilarang karena di anggap tidak manusiawi, muncul sebuah trend baru yang mana menciptakan permainan antar anjing, dan karena dari itu di ciptakanlah genetik anjing yang kuat dalam pertempuran.
Ketika orang-orang inggris menjadi imigran ke negara Amerika terdapat peralihan fungsi yang pada awalnya merupakan Anjing petarung menjad Anjing yang lebih multifungsi, mereka memanfaatkan hewan ini untuk menjadi penjaga dan membantu sektor pertanian.
Pada tahun 1898 organisasi yang bernama UKC, akhirnya melakukan registrasi terhadap ras ini dan memisahkan dari masa lalunya yang merupakan anjing petarung oleh karena itu di masukan ke dalam kelas Terrier, namun Organisasi AKC memutuskan dengan nama berbeda dengan nama American Staffordshire Terrier.
Personality / Sifat Anjing American Pitbull Terrier
Anjing Ras ini sangat mencintai manusia dan bisa sangat di percaya untuk dijadikan teman di dalam keluarga, mereka juga bisa dijadikan pengawas karena mereka sanat peka terhadap siapapun yang akan datang kerumah anda.
Anjing American Pitbull Terrier merupakan anjing yang sangat setia, mereka akan mempertaruhkan nyawa mereka demi melindungi keuarga dan orang yang mereka sayagi, yang terpenting dari sisi pelatiham, pelatihan yang baik akan mengeluarkan potensi baik dari Anjing ini, sebaliknya jika kamu terus menerus mendiamkan Anjing ini, ia akan tumbuh besar dengan sikap keras kepala dan akan sulit untuk di perintah.
Bulu &amp; Tubuh Anjing
Nutrisi yang cocok dan sesuai
Kami menyarankan untuk memberikan jenis Anjing ini dengan 1.5 sampai 2.5 cangkir makanan kering yang memiliki nutrisi tinggi dalam sehari, beri takaran tersebut 2 kali dalam sehari agar kalori yang di dapatkan tidak berlebih dan juga tidaklah kurang.
Untuk mencegah obesitas, kamu bisa memberikan makan sesuai dengan waktu setiap harinya, jangan berikan makan setiap saat karena itu akan hanya membuatnya menjadi obesitas dan rentan akan banyak penyakit.
Cara Grooming Anjing
Anjing ini memili ciri dengan Mantel bulu yang pendek, berkilau dan cukup kaku ketika mendapatkan sentuhan, untuk warna bulu, ras ini di anugrahi warna yang sangat beragam dari biru, coklat, abu-abu, putih, hitam dan juga merah.
Merawat anjing dengan ciri Mantel bulu yang pendek tidaklah sulit, karena kamu hanya perlu memberikan sedikit sentuhan perawatan seperti sesekali membersihkan giginya, setiap dua bulan melakukan mandi dan sisir pada setiap minggunya.
Kukunya harus di potong setiap dua minggu sekali guna menghindari tubuhnya terluka akibat cakarannya sendiri, telinganya juga harus di periksa setiap minggu karena bisa saja terdapat kutu yang memang rentan terhadap anjing dengan mantel bulu yang pendek.
Foto Anjing :
Video Anjing</isi></data>