<?xml version='1.0' encoding='utf-8'?>
<data><tanggalPost> 8 bulan ago</tanggalPost><tanggalFetch>28/03/2020 22:31:07</tanggalFetch><judul>American Foxhound </judul><author>Altarra</author><isi>Mandiri, Mudah beradaptasi, Berperilaku manis
Ranking Popularitas : Peringkat 186 dari 193
Tinggi Tubuh : 55-64cm
Berat Tubuh : 30kg-33kg
Waktu Hidup : 11 Tahun – 13 Tahun
Group Anjing : Kelompok Hound
Deskripsi Anjing American Foxhound
Anjing American Foxhound merupakan anjing yang sangat cocok untuk di jadikan penjaga bagi anak-anak, pembawaannya yang sangat ramah dan juga baik hati, bisa sangat menyenangkan bagi anak-anak, bahkan jenis dari ras ini bisa dekat dengan hewan lain terutama kucing.
Seperti kelompok Hound lainnya, anjing ini juga sangat pandai dalam hal memburu, mereka adalah ras yang pintar dengan badan ramping dan kecepatan berlari yang sangat cepat, daya tahan tubuhnya juga sangat baik dan yang paling menarik perhatian adalah etos kerja yang di tampilkan oleh anjing ini dimana akan selalu menyelesaikan tugas yang kita berikan.
Melatih Anjing American Foxhound merupakan tantangan tersendiri, merka harus di latih dengan sangat benar karena jika tidak mereka akan menjadi depresi dan juga destruktif.
Sejarah Anjing American Foxhound
Dimulai dari cerita seseorang yang bernama George Washington dimana diirnya merupakan pekerja yang sangat rahin. Dirinya dan para orang lainnya dari Virginia, telah hadir pada masa pra-revolusi yang menganggap dirinya adalah orang dari inggris.
Selain kegigihan George Washington dan bertinggal di pegunungan vernom, ternyata ada maklug lain yang sangat di kagumi disana, sesekali beberapa anjing dan sejumlah penunggang kuda mengeluarkan suara yang sangat gaduh untuk mencari rubah yang sangatlah cerdik.
Washington ternyata seringkali mengumpulkan ras anjing yang di kombinasikan, salah satu yang berhasil adalah trah dari American Foxhound ini dimana pada saat mengembang biakan Foxy ini ia di bantu oleh Keluarga Jeffersons, lees dan custise.
Kini anjing yang menjadi ciri dari kota virginia ini dikenal sebagai anjing yang bisa akrab menjadi sahabat bagi umat manusia.
Bulu &amp; Tubuh Anjing
Bulu : Anjing ras ini memiliki mantel yang pendek serta terletan di sekujur tubuh dengan kepadatan yang sangat rapih, merawatnya sangatlah tidak sulit, kami menyarankan kamu untuk melakukan sikat sebanyak 1x setiap minggunya.
Nutrisi yang cocok
Tidak ada yang harus di spesialkan dari pakan American Foxhound, yang kamu harus perhatikan dari kasus ini hanyalah dua hal, dimana kamu kasih memberikan nutrisi yang cukup seperti daging, serta serat yang juga cukup untuk menjaga pencernaannya, anjing ras ini juga harus di perhatikan dari sisi obesitas, ketika sudah melebihi ukuran normalnya, sebaiknya kalian melakui diet agar anjing ini bisa kembali proposional.
Fakta-Fakta menarik American Foxhound
Memiliki suara yang sangat bagus
Sangat sulit untuk melatih anjing ini
Merupakan anjing pernama yang diberikan penelitian dari US
Pada tahun 2013 ada satu Anjing ras ini yang berhasil menang di kontes internasional bersaing dengan banyak orang.
Foto Anjing :
Video Anjing :</isi></data>