<?xml version='1.0' encoding='utf-8'?>
<data><tanggalPost>on 12/10/2017</tanggalPost><tanggalFetch>28/03/2020 14:11:45</tanggalFetch><judul>Ampas Tahu Pakan Kelinci</judul><author>by Admin</author><isi>Ampas Tahu Pakan Kelinci
Filed in agrineka by Admin on 12/10/2017
Ampas tahu mampu meningkatkan bobot kelinci pedaging. Itulah hasil penelitian dosen Fakultas Peternakan, Universitas Diponegoro, Semarang, Jawa Tengah, Sri Lestari. Periset memberikan 10% konsentrat ampas tahu dari bobot hijauan dan 10% hijauan dari bobot ternak. Hasil penelitian menunjukkan, bobot harian kelinci pedaging meningkat 31,93 gram per ekor per hari. Peningkatan bobot harian itu lebih tinggi dibandingkan dengan penggunaan campuran konsentrat ampas tahu dan bekatul yang hanya 30,53 gram per ekor per hari. ***
Baca Juga
Tahu Awet
Tempe Lebih Sehat
Koksidiosis Kelinci
Stop Tangkarkan Kelinci
Setulus Kelinci
Pelet Untuk Kelinci
Bikin Hay Sendiri
Kelinci Redam Stres
Kelinci Tampil Necis
Kelinci Kampiun</isi></data>