<?xml version='1.0' encoding='utf-8'?>
<data><tanggalPost>on 15/10/2019</tanggalPost><tanggalFetch>28/03/2020 11:20:49</tanggalFetch><judul>Ampas Tebu Atasi Ganoderma</judul><author>by admin trubus</author><isi>Ampas Tebu Atasi Ganoderma
Filed in organik, Rubrik Tetap by admin trubus on 15/10/2019
Dr. Ir. Herdhata Agusta dan rekan dari Institut Pertanian Bogor meneliti kandungan lignoselulosa dari ampas penggilingan padi dan tebu bermanfaat untuk biofungisida. Senyawa aktif dalam ampas mampu melawan cendawan. Pertumbuhan cendawan pada tanaman kelapa sawit yaitu Ganoderma boninense terhambat hingga 93% berkat lignoselulosa. Cara mengolah ampas dengan mencacah halus limbah tebu dan padi kemudian tambahkan air dengan perbandingan1:10. Masukkan campuran ke bejana kedap udara dan panaskan pada suhu 280ºC selama 60 menit. Mengurangi penggunaan bahan kimia sintetis membantu mengurangi kerusakan lingkungan dan tingkat resistensi cendawan.
Baca Juga
JASA TEBU
Sorgum Sumber Gula
Mimbar Pembaca Edisi Desember 2019
Titisan Bululawang
Jitu Atasi Hama Tebu
Kendalikan Penggerek Tebu
Jasa Wijen Lindungi Tebu
Omzet Naik 86%
Mesin Pintar Kepras Tebu
Kitosan versus cendawan</isi></data>