<?xml version='1.0' encoding='utf-8'?>
<data><tanggalPost>on 12/11/2019</tanggalPost><tanggalFetch>28/03/2020 11:14:32</tanggalFetch><judul>Ampuh Usir Kecoak</judul><author>by admin trubus</author><isi>Ampuh Usir Kecoak
Filed in organik, Rubrik Tetap by admin trubus on 12/11/2019
Tak perlu risau dengan kecoak Periplaneta americana. Cukup potong-potong kecil daun pandan wangi tua. Riset La Taha dan Nurawalia dari Jurusan Kesehatan Lingkungan Politeknik Kesehatan Makassar membuktikan daun pandan wangi Pandanus amaryllifolius efektif mengusir kecoak. Dosis 9 gram paling ampuh lantaran baunya sangat menyengat. Hasil pengamatan menunjukkan, kecoak sama sekali tidak mendekati area itu. Berbeda dengan dosis 3 gram, kecoak mendekat sesaat lalu menjauh. Makin tinggi dosis dapat meningkatkan keefektifan mengusir kecoak. Serangga itu membenci bau pandan wangi yang mengandung alkaloid, saponin, flavonoid, polifenol, dan tanin.
Baca Juga
Ikan Tanpa Lalat
Pandan Antidiabetes
Mimbar Pembaca Edisi Desember 2019
Bandotan Musuh Nyamuk
Bakso Awet
Durian untuk Kecoak
Daun Pelindung Terung
Daun Pengusir Kecoak
Beras Tanpa Kutu
Pestisida Nabati Daun Pepaya</isi></data>