<?xml version='1.0' encoding='utf-8'?>
<data><tanggalPost>20 November </tanggalPost><tanggalFetch>28/03/2020 22:46:30</tanggalFetch><judul>Anak Muda Siap Beraksi Hijau</judul><author>-</author><isi>Siapa bilang anak muda dunia tidak peduli isu keberlanjutan dan masa depan lingkungan? Hasil survey yang disponsori oleh Masdar menyimpulkan, 83% Generasi Z (mereka yang lahir pada tahun 1996-2010) percaya pemerintah harus beraksi mewujudkan bumi yang hijau, damai dan bestari.
Sebanyak 66% anak muda di negara berkembang ingin bekerja di sektor-sektor yang mendukung terwujudnya tujuan ini. Angka itu jauh lebih tinggi di negara-negara berkembang kecil (frontier countries). Indonesia adalah negeri yang sangat indah. Tugas kita mendengarkan aspirasi mereka, anak-anak muda, karena masa depan adalah milik mereka dan generasi mendatang.
Redaksi Hijauku.com</isi></data>