<?xml version='1.0' encoding='utf-8'?>
<data><tanggalPost> 6 bulan ago</tanggalPost><tanggalFetch>28/03/2020 22:19:17</tanggalFetch><judul>Anakan siberian husky 500rb </judul><author>Altarra</author><isi>Anakan Siberian Husky 500rb – Anjing Siberian merupakan salah satu jenis anjing yang sangat populer di Indonesia bahkan mengalahkan anjing beagle, oleh karena itu tidak aneh jika banyak sekali masyarakat kita mencari anakan anjing siberian dengan harga yang terjangkau, namun jangan khawatir karena sekarang ini sudah banyak sekali tempat yang menyediakan anakan siberian husky dengan harga 500rb.
Ketika kamu hendak mencari binatang dengan budget yang terbatas, terkecuali kamu mendapatkan hibah, kamu jangan berharap banyak tentang kesehatan dan kualitas, namun kamu tidak perlu panik dan berburuk sangka bahwa yang murah pasti jelek, itu adalah paradigma yang salah karena ketika kamu mengadopsi kucing dengan harga murah seringkali kesehatannya kurang baik dan fisiknya juga kurang baik, namun ketika kamu merawatnya dengan benar, pastinya mereka akan tumbuh dengan sehat serta memiliki tampilan yang baik, jadi semua ada pada dirimu.
Tempat Beli Anakan siberian husky 500rb
Kami merangkum beberapa tempat yang menjual anakan siberian husky dengan harga yang terjangkau, dan berikut adalah tempatnya :
Pasar Hewan
Di pasar hewan banyak sekali hewan dijual, dimulai dari anjing, kucing, kelinci dan semacamnya, pasar homogen membuat proses ekonomi kian berputar dengan cepat dan berdampak pada murahnya produk dibandingkan tempat lain, dan hal ini juga berlaku pada binatang, dimana pilihan yang sangat beragam membuat persaingan harga kian ketat, di pasar hewan kamu pastinya akan bisa mendapatkan anjing dengan harga murah untuk di adopsi, dijakarta sendiri ada di pasar barito dan pasar pramuka, ketika hendak melakukan transaksi dipasar hewan pastikan kamu jeli memilik ya, karena disana juga banyak mafia yang bisa saja mengelabui pilihan kamu.
Beli Online
Di era digital seperti sekarang sangatlah mudah untuk kita bisa menjangkau segala informasi yang ada, termasuk perihal adopsi anjing, nah banyak situs yang bisa kamu jadikan referensi seperti olx dan juga Carousel, disana banyak pemilik yang mau menghibahkan peliharaannya karena alasan sudah terlalu banyak sehingga tidak bisa mengurusnya, nah dengan alasan tersebut biasanya pemilik menjualnya dengan harga yang lebih terjangkau.
Group pecinta binatang
Entah di whatsapp ataupun facebook, group pecinta binatang memang seringkali memberikan sentuhan yang lebih personal terhadap masing-masing membernya, hal ini sebenarnya sangat menguntungkan bagi para calon pemilik, karena didalam group pecinta binatang sangat banyak orang yang sudah over memelihara ingin mencari pemilik yang bisa menyayangi hewannya seperti yang ia lakukan, oleh karena itu ketika kamu hendak masuk kedalam group, pastikan kamu untuk selalu ramah dan menampilkan bahwa kamu memang benar-benar seorang pecinta binatang.
Pet Shop
Untuk mencari anakan siberian husky 500rb di petshop ini susah susah sulit ya guys, karena banyakan mereka membanderol harga diatas dari 500rb, namun tidak ada salahnya kamu coba karena banyak juga pet shop yang berkerja sama dengan klinik hewan yang memiliki visi dan tujuan mendistribusikan anjing yang sebelumnya ada diklinik namun dalam waktu yang sangat lama tidakpernah diambil kembali oleh sang pemilik, oleh karena itu klinik biasanya memberikannya ke petshop yang mana petshop akan rawat dan carikan pemilik barunya, oleh karena itu peluang mendapatkan anakan husky dibawah 500rb di petshop tidaklah mustahil.
Keempat tempat tadi merupakan rekomendasi kami ketika kamu hendak mencari hewan untuk dipelihara namun budgetnya terbatas, atau cara mudahnya kamu bisa meminta temanmu yang punya dan meyakinkan mereka bahwa kamu akan menjadi pemilik yang sangat menyayangi anjing, karena dengan cara tersebut biasanya teman juga akan mempercayaimu yang dampaknya bisa memberikan hibah anakan kepadamu.
Yang harus dipersiapkan setelah melakukan adopsi
Oke anggap saja kini kamu sudah memiliki anjing pilihanmu, namun semua belum selesai disitu karena ketika sudah melakukan adopsi, hal lainnya yang perlu kamu perhatikan adalah mempersiapkan kedatangan hewan tersebut dirumahmu.
Sebenarnya mempersiapkan atau cara merawatnya tidaklah sulit dimana kamu hanya perlu menyediakan tempat dimana ia akan tinggal nantinya, menyediakan makanan anjing yang baik serta menyediakan litter box yang akan ia pakai sebagai tempat buang air nantinya, selain itu yang kamu harus lakukan adalah dengan secepat mungkin melakukan adaptasi agar kamu dan hewan barumu bisa segera akrab.
Adaptasi yang kurang baik antara hewan peliharaan dan pemilik akan mengakibatkan stress yang berkepanjangan sehingga bisa saja nantinya sang anjing tidak mau makan dan berujung pada sakit, oleh karena itu sejak hari pertama kedatangannya dirumah, kami sengat menyarankan kamu untuk bisa berbaur dengannya, bermain dengannya agar keakraban bisa semakin cepat terjalin.</isi></data>