<?xml version='1.0' encoding='utf-8'?>
<data><tanggalPost>on 17/07/2019</tanggalPost><tanggalFetch>28/03/2020 11:38:53</tanggalFetch><judul>Ancaman Ulat Tentara</judul><author>by admin trubus</author><isi>Ancaman Ulat Tentara
Filed in Peristiwa by admin trubus on 17/07/2019
Hama fall army worm (FAW) menyerang 80 jenis tanaman di lebih dari 44 negara dalam 3 tahun terakhir. Hama yang kali pertama terdeteksi pada 2016 di Nigeria itu memasuki wilayah Asia sejak 2018. Pada 2019 tim ahli dari Institut Pertanian Bogor (IPB) yang terdiri dari Prof. Dr. Ir. Dadang, M.Sc., Dr. Dewi Sartiami, M.Si., dan Dr. Idham Sakti Harahap, M.Si., menyebutkan kerusakan kebun jagung di beberapa lokasi di Indonesia. Hasilnya tim ahli IPB mengungkapkan hama ulat tentara Spodoptera frugiperda berada di Indonesia. Oleh karena itulah, CropLife Indonesia mengadakan konferensi pers tentang FAW pada 23 Mei 2019 di Aston Priority Simatupang Hotel &amp; Conference Center. Harapannya agar terjadi penyebaran informasi yang tepat kepada petani, praktisi pertanian, dan masyarakat luas mengenai hama ulat tentara.
Baca Juga
Menjerat Ulat Tentara
Bendera Kuning untuk Kutu Putih
Kutu Putih Mati Kutu
Hidroponik : Atasi Penggerus Laba
Pukul Empat Pukul Virus
Basmi Puru Akar
Kontrol Kutu Daun
Pestisida Palsu dan Ilegal
Mimbar Pembaca Edisi Desember 2019
Biotek untuk Tantangan Global</isi></data>