<?xml version='1.0' encoding='utf-8'?>
<data><tanggalPost>14 March </tanggalPost><tanggalFetch>28/03/2020 22:38:56</tanggalFetch><judul>Anda Stres? Pohon Obatnya</judul><author>-</author><isi>Keberadaan pepohonan di sekitar kita, selain bermanfaat bagi kesehatan tubuh, juga bermanfaat bagi kesehatan jiwa. Menghabiskan waktu di sekitar ruang terbuka hijau dan pepohonan meningkatkan aktivitas fisik, menyegarkan tubuh. Level energi kita akan meningkat saat kita dikelilingi oleh pepohonan. Kondisi ini memercepat pemulihan dari penyakit tubuh maupun jiwa, menghilangkan stres dan menurunkan tekanan darah. Ayo tanam pohon. Lindungi ruang terbuka hijau yang tersisa.
Redaksi Hijauku.com</isi></data>