<?xml version='1.0' encoding='utf-8'?>
<data><tanggalPost>on 03/01/2020</tanggalPost><tanggalFetch>28/03/2020 10:58:43</tanggalFetch><judul>Anggur Baru Australia</judul><author>by admin trubus</author><isi>Anggur Baru Australia
Filed in Peristiwa by admin trubus on 03/01/2020
Australian Trade and Investment Commission (Austrade) menyelenggarakan seminar anggur Australia pada 12 Desember 2019 di Pullman Hotel Thamrin Jakarta. CEO Asosiasi Anggur Australia, Jeff Scott, mengatakan kini banyak varietas baru yang siap dipasarkan. Ia menuturkan, “Sebagia varietas itu adalah sweet surrender, ivory seedless, sweet nectar, magenta, sweet globe, sweet celebration, dan luisco.” Permintaan varietas thompson tanpa biji diprediksi meningkat 30% mencapai 76.000 ton. Begitu pula crimson tanpa biji diduga meningkat 70% hingga 30.000 ton. Australia menerapkan teknologi phytosanitary irradiation atau X-ray untuk perlakuan pascapanen. Prosesnya sangat cepat hanya dua jam dan tidak ada residu kimia. Menurut Jeff anggur Australia bisa tiba di pasar Indonesia lebih cepat yakni 2―3 hari pascapanen. Anggur masih segar dan bisa bertahan lebih lama di retail.
Baca Juga
Kebakaran Hutan Australia
Australian Tour &amp; Farm Visit
Dua Sisi Jakaranda
Manusia dan Anjing Berbagi Air
Fokus Empat Spesies
Parade Tabulampot Gres
Gerak Cepat untuk Nila
Anggur Anyar Andalan
Atasi Musuh Anggur
Kiat Kilat Buahkan Anggur</isi></data>