<?xml version='1.0' encoding='utf-8'?>
<data><tanggalPost> 8 bulan ago</tanggalPost><tanggalFetch>28/03/2020 22:31:09</tanggalFetch><judul>American Eskimo Dog </judul><author>Altarra</author><isi>Cerdas, Suka bermain, Bersemangat dalam Banyak Hal
Ranking Popularitas : Peringkat 122 dari 193
Tinggi Tubuh : 22.86cm – 48.26cm
Berat Tubuh : 2.7kg – 15.8kg
Waktu Hidup : 13 Tahun Hingga 15 Tahun
Group Anjing : Kelompok Non-Sporting
Deskripsi Anjing American Eskimo Dog
Anjing American Eskimo merupakan Anjing yang bisa di bilang sangat tampan dan memiliki wajah yang lugas, dengan warnanya yang sangat mencolok ras ini sangat mudah di kenali meskipun dalam kejauhan. Anjing ini sangat pintar dan bisa memecahkan masalah dengan baik, meskipun begitu, ia juga di kenal sangat ramah terhadap sesama dan bisa dengan cepat menjalin pertemanan baru.
Ciri khas dari anjing ini adalah Mantel bulu tebal dan padat berwarna putih dan terdapat garis senyum pada bibir dan dada yang seakan menandakan bahwa ia adalah Anjing sangat ramah. Eskies panggilannya merupakan hewan sosial yang akan bersikeras agar menjadi bagian dari sebuah keluarga, Eskies juga sangat ramah terhadap anak anak, membuatnya sangat bisa di andalkan di dalam keluarga.
Sejarah Anjing American Eskimo Dog
Pasti sobat pecinta bintang menduga bahwa nama Eskimo berasal dari suku eskimo, ternyata hal tersebut salah besar, karena pada dasarnya pendirian trah atau breeds tidak di lakukan sama sekali oleh penduduk Eskimo, bahkan tidak ada kaitannya sama sekali.
Dimulai pada tahun 1800an banyak sekali imigran dari jerman yang datang menuju pantai-pantai yang ada di mereka, imigran tersebut membawa dampak yang cukup besar pada perkembangan midwest.
Lelulur dari Anjing ini adalah ras German Spitz yang di bawa oleh imigran jerman ketika berada di Amerika, semenjak kedatangan mereka, mereka sering menjadikannya menjadi anjing yang berguna di perternakan.
Ras ini baru di register di organisasi internasional pada tahun 1995.
Bulu &amp; Tubuh Anjing
Bulu : Dengan mantel tebal dan halus, jika di lihat secara sekilas, anjing ini mirip sekali dengan anjing samoyed, dimana warna mereka sama-sama putih polos bersih
Tubuh : Meskipun kecil, namun kelincahannya tiada duanya, kelincahannya yang juga merupakan ciri identik dari ras ini membuatnya mempunyai tubuh yang kecil namun struktur tulang yang kuat.
Cara Grooming Anjing American Eskimo Dog
Walaupun berwarna putih dengan matel pendek yang padat, ternyata tidak sulit untuk membersihkan lapisan luar bulu dari anjing ini, kami menganjurkan untuk membersihkannya dua atau tiga kali dalam seminggu di lengkapi dengan sisis guna menyaring bulu-bulu yang rontok.
Yang harus kamu perhatikan adalah jangan memandikannya terlalu sering, lakukan sebanyak dua kali dalam seminggu karena kulit anjing ini cukup sensitif, jika terlalu sering bisa mengakibatkan iritasi dan kering.
Fakta-Fakta menarik Anjing American Eskimo Dog
Hanya ada satu warna dalam ras ini, yaitu putih biskuit cream.
Jenis anjing ini mulai sangat tenar setelah tampil dengan para clowns di the barnum and bailey circus.
Merupakan keluarga dari Spitz dan juga Nordic sebagai nenek moyangnya
Ada tiga ukuran dari jenis anjing ini yaitu, toy, miniature dan juga standard.
Foto Anjing :
Video Anjing :</isi></data>