<?xml version='1.0' encoding='utf-8'?>
<data><tanggalPost> 7 bulan ago</tanggalPost><tanggalFetch>28/03/2020 22:20:28</tanggalFetch><judul>Anjing Peanut </judul><author>Altarra</author><isi>Belum lama ini dunia dikejutkan dengan kontes yang tidak biasa, kontes ini adalah kontes anjing terjelek didunia, dalam kontes tersebut banyak sekali anjing berupa tidak menawan mencoba peruntungannya untuk mendapatkan hadiah senilai $1500, pemenangnya adalah Anjing Peanut yang merupakan campuran antara anjing ras asli cina dengan anjing Chihuahua.
Anjing Peanut merupakan anak anjing yang kini baru berusia 2 tahun, ia dibekali dengan rambut yang putih dikombinasikan dengan coklat khas ras liar, peanut juga dibekali dengan mata yang menonjol keluar serta gigi yang tidak rapih dan keluar dari batas bibirnya, walaupun tampilannya kurang menawan, sang pemilik mengatakan bahwa ia merupakan anjing yang penurut dengan kepribadian yang manis penyayang dan juga energetik.
Kisah Dibalik Anjing Peanut
Dalam sesi interview yang dilakukan oleh beberapa wartawan, pemilik dari binatang ini menceritakan beberapa cerita yang cukup haru bagi kami, ceritanya bermula ketika ia sempat terbakar ketika masih puppy dengan keadaan yang cukup parah, kecelakaan tersebut menghasilkan bercak botak disekujur tubuhnya.
Pemiliknya yang bernama Holly Chandler mengatakan kepada wartawan bahwa ia berharap kemenangannya akan diberikan kepada anjing yang terlantar, oleh karena itu ia akan memberikan hadiahnya kepada dokter hewan guna melakukan perawatan kepada para anjing terlantar.
Proses Penjurian Kontes Anjing Terjelek
Para binatang yang kurang menawan ini dinilai oleh tiga juri dimana terdapat beberapa kategori didalamnya yaitu kategori atribut khusus, tidah biasa, kepribadian dan keburukan alami, Sungguh kategori yang mencengangkan bagi saya pribadi.
Lima pemenang di masing masing kategorinya adalah :
Beagle
Icky
Grovie
Gimana guys? apa pendapat kalian tentang kontes ini? apakah memang diperlukan? atau malah berpotensi sebagai ajang penghinaan terhadap yang mengalami kekurangan? semua silahkan disimpulkan sendiri atau ayo kita berdiskusi dilaman komentar.
Menurut saya pribadi kontes ini sah saja dilakukan, karena jikalau para pemiliknya hanya ingin mencela, untuk apa mereka menyayangi peliharaannya dan merawatnya susah payah, bahkan ada yang perlu menghabiskan uang ribuan dollar guna mengobati peliharaannya yang cacat, jadi kontes yang dimenangi oleh anjing peanut ini kembali lagi kepada pribadi masing-masing, jika kamu melihatnya dari kacamata negatif tentu saja bisa, dan yang terbesit adalah sisi negatifnya saja, dan begitupun sebaliknya.
Di Indonesia sendiri umunya sering diadakan kontes, namun seringkali adalah kontess kecantikan saja yang mana para jurinya akan menilai keaslian ras, perilaku dan juga kesehatan dari binatang peliharaan, dan masih sangat jarang di Indonesia kontes yang mempertarungkan sisi kejelekan, mungkin karena umunya masyarakat indonesia enggan merawat yang jelek mungkin ya hehe.
Anjing yang bernama Peanut merupakan bukti bahwa keterbatasan bukan sebuah alasan dari binatang untuk berhenti mengabdi kepada pemiliknya, buktinya karena ia merasa lebih diperhatikan, ia menjadi lebih penyayang terhadap pemiliknya, berbeda dengan jenis chihuahua lain yang terkesan agresif dan aktif namun kurang setia.
So, kami menyarankan kepada kalian untuk pelihara yang memiliki kedekatan empati dan emosi, bukan yang paling menarik melalui estetik, saya sendiri memelihara beberapa kucing kampung atau indonesian domestic cat, namun mereka jika dirawat dengan baik tentunya juga akan berpenampilan menarik juga, jadi jangan pilih pilih atau rasis terhadap binatang ya, karena mereka juga ciptaan yang maha kuasa, namun belum beruntung saja.</isi></data>