<?xml version='1.0' encoding='utf-8'?>
<data><tanggalPost> 7 bulan ago</tanggalPost><tanggalFetch>28/03/2020 22:30:48</tanggalFetch><judul>Australian Shepherd </judul><author>Altarra</author><isi>Cerdas, Bersemangat Orientasi pada berkerja
Ranking Popularitas : Peringkat 17 dari 193
Tinggi Tubuh : 50cm – 58cm
Berat Tubuh :22kg – 30kg
Waktu Hidup : 12 Tahun Hingga 15 Tahun
Group Anjing : Kelompok Herding
Deskripsi Anjing Australian Shepherd
Anjing Australian Shepherd merupakan Anjing gembala yang berasal dari Australia, ia menempati peringkat ke 17 dari 193 dalam daftar anjing terpopuler versi Info Binatang.
Anjing dengan ras ini di kenal dengan sifatnya yang sangat suka akan kerja, mereka loyal dan mereka merupakan golongan hewan yang sangat cerdas, tubuh mereka sangatlah ramping namun kereka adalah kawanan yang sangat tangguh, hingga sempat ada percobaan di amerika bahwa jenis ras ini di jadikan Anjing rodeo, namun tidak terkenal yang membuatnya sangat asing untuk saat ini.
Hewan ini memiliki mantel bulu yang tergolong sedang, dengan aksen bintik bintik di sekitar tubuhnya, membuat ia sangat mudah untuk dikenali walah dari kejauhan, iya memiliki kecepatan yang tinggi dalam bergerak (gesit) maka dari itu ia sangat cocok untuk di tempatkan di ladang untuk menjaga hewan ternak.
Anjing Australian Shepherd tidak cocok untuk semua pemilik, sifatnya yang cerdas dan ingin selalu berkerja sangat tidak cocok bagi kamu yang sibuk dan tidak memiliki waktu luang, ia juga tidak cocok untuk pemilik pemula, hal tersebut karena ia tergolong dalam ras yang pintar, oleh karena itu ia bisa saja menipu para pemilik pemula.
Sejarah Anjing Australian Shepherd
Kisah dan Sejarah dari Anjing Australian Shepherd</isi></data>