<?xml version='1.0' encoding='utf-8'?>
<data><tanggalPost> 6 bulan ago</tanggalPost><tanggalFetch>28/03/2020 22:18:26</tanggalFetch><judul>Basset Hound </judul><author>Altarra</author><isi>Anjing Basset Hound : Penyabar, Berpenampilan menarik, Rendah Hati
Ranking Popularitas : Peringkat 39 dari 193
Tinggi Tubuh : Mencapai 17 Inch
Berat Tubuh : 41 – 68 Pounds
Waktu Hidup : 12 – 15 Tahun
Group Anjing : Kelompok Hound
Deskripsi Anjing Basset Hound
Anjing Basset Hound pada dasarnya adalah anjing pemburu, mereka hadir dengan sifat keras kepala yang mendominasi dan terkenal dengan sulit dilatih , jika ia mencium aroma yang ia sangat sukai, mereka akan mencari dimana aroma itu berasal dan tidak perduli dengan rintangan yang ada seperti terdapat pagar tinggi atau lobang yang dalam, ras ini akan dengan kukuh harus mencapai tempat dimana aroma tersebut berasal.
Struktur pada mulutnya yang terdapat rongga cukup besar membuat ras ini harus terpaksa mengeluarkan liur dalam waktu yang cukup sering. Trah ini juga akan sering megalami perut kembung sehingga dikira mereka mengeluarkan perilaku yang tidak biasa segeralah berikan penanganan terkait sakit perut kembung.
Jangan biarkan Anjing Basset Hound ini berolahraga terlalu keras ketika ia baru saja menyelesaikan makan, dan awasi mereka dalam waktu sekitar satu jam, karena ketika tidak perutnya bisa mendapatkan masalah. Mereka dilahirkan dengan telinga yang panjang dan harus dibersihkan serta diperiksa setiap minggunya untuk mencegah infeksi pada bagian telinganya.
Sejarah Anjing Basset Hound
Sejarah dari basset hound berawal dari prancis dan juga belgia, karena dari sanalah trah ini mulai berasal, nama basset sendiri diambil dari bahasa prancis yang berarti rendah, ini sangat mencerminkan bagaimana tampilan fisik dari trah ini yang memang ketika dilihat sangat menjelaskan bahwa trah ini sangatlah ceper.
Diperkirakan bahwa para biarawan dari Biara ST Hubert adalah sosok yang bertanggung jawab atas keturunan yang dihasilkan dari persilangan keturunan breed prancis yang lebih tua guna menghasilkan ras dengan penciuman yang sangat tajam. Ketangguhan serta keinginan</isi></data>