<?xml version='1.0' encoding='utf-8'?>
<data><tanggalPost> 6 bulan ago</tanggalPost><tanggalFetch>28/03/2020 22:18:20</tanggalFetch><judul>Beagle </judul><author>Altarra</author><isi>Anjing Beagle : Ramah, Ingin tahu banyak hal, Setia, Sahabat yang baik untuk manusia
Ranking Popularitas : Peringkat 6 dari 193
Tinggi Tubuh : Dibawah 16 Inch
Berat Tubuh : Dibawah 31 Pounds
Waktu Hidup : 11 – 16 Tahun
Group Anjing : Kelompok Hound
Deskripsi Anjing Beagle
Anjing beagle tidak hanya dikenal sebagai anjing pemburu hebat dan juga sebagai sahabat yang setia, tetapi mereka juga senang untuk selalu berada dalam situasi sosial, dan yang pasti ras ini adalah ras yang lucu sehingga semua paket didalam dirinya bisa disimpulkan bahwa ras ini merupakan ras yang menyenangkan dalam berbagai keadaan.
Ada dua jenis dari varietas Beagle, yang pertama adalah varietas yang memiliki tubuh dibawah 13 inci jika diukur dari bahu, dan yang kedua adalah varietas yang le</isi></data>