<?xml version='1.0' encoding='utf-8'?>
<data><tanggalPost>23 January </tanggalPost><tanggalFetch>28/03/2020 22:41:41</tanggalFetch><judul>Anomali Iklim dan Cuaca di Tahun Terpanas</judul><author>-</author><isi>Dengan bantuan ilmu pengetahuan dan teknologi dunia kini mampu mengamati dan menganalisis anomali cuaca di seluruh dunia. Infografis di bawah ini adalah contohnya. Anomali menurut Kamus Besar Bahasa Indonesia (KBBI) adalah penyimpangan dari kondisi normal. Tahun 2016 telah dinobatkan sebagai tahun terpanas.
Pemanasan global telah memicu perubahan iklim, yang diukur sejak masa revolusi industri. Penyebabnya adalah polusi gas rumah kaca akibat perilaku manusia. Konsensus ilmiah telah menyepakati hal ini. Anomali cuaca, pergeseran musim dan cuaca ekstrem, juga terjadi di Indonesia. Kekeringan, banjir, topan beliung terus melanda. Indonesia pada 2016 juga mencetak rekor jumlah bencana tertinggi yang didominasi oleh bencana akibat perubahan iklim.
Redaksi Hijauku.com</isi></data>