<?xml version='1.0' encoding='utf-8'?>
<data><tanggalPost>on 11/05/2018</tanggalPost><tanggalFetch>28/03/2020 13:13:13</tanggalFetch><judul>Anthurium Superboom</judul><author>by admin trubus</author><isi>Anthurium Superboom
Filed in koleksi eksklusif by admin trubus on 11/05/2018
Penampilan anthurium superboom begitu memukau. Sosok tanaman rimbun terdiri atas 20 daun lebar berurat yang memancarkan kesan kokoh dan kuat. Anthurium itu tampil menawan pada Kontes Tanaman Hias Aglaonema dan Anthurium tingkat Provinsi Jawa Tengah pada 1 April 2018. Tak heran selesai kontes, seorang pehobi memboyong superboom dengan harga fantastis, Rp16 juta. (Tiffani Dias Anggraeni)
Baca Juga
Hari Indah Kian Berkesan
Membidani Ratu Daun Terbaik
Lebih Cepat 6 Bulan
SIAP KOKEDAMA
Warna warni Anggrek Lycaste
Persiapan Ratu Daun Juara
Anggrek Hantu Penebar Bau
Workshop Bungakan Anggrek Dendrobium dan Phalaenopsis
Bikin Elok di Balik Kaca
Firdaus anggrek di Pulau Besi</isi></data>