<?xml version='1.0' encoding='utf-8'?>
<data><tanggalPost>on 06/02/2020</tanggalPost><tanggalFetch>28/03/2020 10:46:22</tanggalFetch><judul>Anting-anting Versus Asam Urat</judul><author>by admin trubus</author><isi>Anting-anting Versus Asam Urat
Filed in info sehat, Rubrik Tetap by admin trubus on 06/02/2020
Anting-anting Acalypha indica lumrah tumbuh di tepi jalan, lapangan, maupun, halaman rumah. Ternyata tanaman liar itu dapat mengobati asam urat. Fauzi R. Kusuma dan Muhammad Zaky meresepkan anting-anting dalam buku Tumbuhan Liar Berkhasiat Obat. Cuci bersih 30―60 g batang anting-anting kering lalu rebus dalam tiga gelas air hingga mendidih dan tersisa dua gelas. Konsumsi air rebusan dua kali sehari masing-masing segelas. Fauzi dan Zaky menyarankan konsumsi pagi dan malam sebelum makan. Periset dari Departemen Biokimia FMIPA IPB, Khairrunnisa, memaparkan ekstrak anting-anting mengandung alkaloid, flavonoid, saponin, tanin, dan steroid. Alkaloid dan flavonoid terbukti berperan menghambat kerja enzim xantin oksidase yang membentuk asam urat.
Baca Juga
Mimbar Pembaca Edisi Desember 2019
Kopi versus Asam Urat
Sirsak Versus Jentik Nyamuk
Ketumbar Jaga Gula
Pandan Atasi Diabetes
Pandan Antidiabetes
Lemon Penghalus Wajah
Ibu Menyusui, Konsumsilah Jantung
Jahe Redakan Nyeri
Sirih Bumi Turunkan Gula</isi></data>