<?xml version='1.0' encoding='utf-8'?>
<data><tanggalPost>on 05/09/2017</tanggalPost><tanggalFetch>28/03/2020 14:27:47</tanggalFetch><judul>Anugerah Ikon Prestasi Indonesia</judul><author>by Admin</author><isi>Anugerah Ikon Prestasi Indonesia
Filed in dari redaksi, Rubrik Tetap by Admin on 05/09/2017
Ketua Pembina Yayasan Bina Swadaya dan pendiri Majalah Trubus, Drs. Bambang Ismawan M.S., (memegang piagam) menerima penghargaan Ikon Prestasi Indonesia dalam Festival Prestasi Indonesia yang diselenggarakan oleh Unit Kerja Presiden Pembinaan Ideologi Pancasila (UKP Pancasila).
“Saya tidak mau berbisnis, saya juga tidak mau terjun ke politik tapi saya ingin memberikan manfaat kepada masyarakat,” kata Drs. Bambang Ismawan M.S., mengenang kelulusan dari Fakultas Ekonomika dan Bisnis, Universitas Gadjah Mada, pada 1966. Pertemuan dengan seorang penggiat sosial kemudian membawa Bambang muda pada keputusan untuk menekuni dunia pemberdayaan sosial terutama bidang pertanian.
Jejaknya mulai terekam sejak itu. Dimulai dengan menjadi Ketua Ikatan Petani Pancasila, lalu mendirikan Yayasan Sosial Tani Membangun yang menjadi cikal-bakal Yayasan Bina Swadaya. Lalu melahirkan Majalah Trubus pada Desember 1969 sebagai salah satu wahana memberdayakan masyarakat melalui media informasi pertanian. Dari Majalah Trubus kemudian lahir penerbitan buku pertanian, toko pertanian, kegiatan pelatihan, keuangan mikro, pendampingan kepada warga, dan terakhir di era digital lahir portal trubus.id pada pertengahan 2017.
Pembaca terhormat, konsistensi Bambang Ismawan, pendiri dan pemimpin umum majalah kesayangan Anda ini di bidang pemberdayaan sosial dan pertanian dianugerahi penghargaan Ikon Prestasi Indonesia pada 21 Agustus 2017 dari Presiden Joko Widodo pada acara Festival Prestasi Indonesia yang diselenggarakan oleh Unit Kerja Presiden Pembinaan Ideologi Pancasila (UKP Pancasila) di Jakarta Covention Center, Jakarta sebagai bagian dari 72 ikon Prestasi Indonesia.
Penghargaan itu kian menguatkan keluarga besar Trubus untuk terus konsisten dalam menggeluti dunia kewirausahaan sosial dan menginspirasi kemajuan dunia pertanian Indonesia. Pada edisi kali ini misalnya Majalah Trubus menerbitkan tulisan tentang teknologi budidaya cabai antifluktuasi harga, inovasi hasilkan ikan nila pejantan yang menguntungkan peternak, kiat budidaya kambing pedaging unggul boerka agar penambahan bobotnya optimal, dan pisang baru tinggi produksi. Itu menjadi pelengkap liputan dari Italia tentang jeruk jenis baru yang bisa menjadi pilihan pemain jeruk Indonesia. Semoga sajian kami terus menginspirasi.***
Baca Juga
Mimbar Pembaca Edisi Desember 2019
Memacu Tumbuh Bibit Sawit
Cabai Toraja Lebat Berbuah
601 Edisi
Penghargaan untuk Pembaca
Konten Terbaik
Dukungan Presiden
Gebrakan Petani Muda
Proteksi Cabai Seumur Hidup
Yang Muda yang Bertani</isi></data>