<?xml version='1.0' encoding='utf-8'?>
<data><tanggalPost>on 03/03/2018</tanggalPost><tanggalFetch>28/03/2020 13:42:05</tanggalFetch><judul>Anugerah Jurnalistik LIPI 2017</judul><author>by Admin</author><isi>Anugerah Jurnalistik LIPI 2017
Filed in Peristiwa by Admin on 03/03/2018
Dalam rangka ulang tahun yang ke-50, Lembaga Ilmu Pengetahuan Indonesia (LIPI) memberikan penghargaan Anugerah Jurnalistik dan Literasi Sains LIPI 2017 pada 19 Desember 2017. Penghargaan diberikan kepada wartawan majalah Trubus, Riefza Vebriansyah, sebagai juara I, dan Muhammad Awaluddin sebagai juara II dalam kategori wartawan. Menurut Kepala Biro Kerja sama, Hukum, dan Humas LIPI, Nur Tri Aries Suestiningtyas, kompetisi itu diharapkan menumbuhkan minat para jurnalis media massa dan masyarakat umum untuk menyebarkan informasi kegiatan dan hasil riset LIPI, serta pemanfaatannya di masyarakat. “Publikasi iptek di media massa umum diharapkan menggugah masyarakat untuk lebih memanfaatkan karya inovasi dalam kehidupan sehari-hari sehingga dapat tumbuh menjadi budaya iptek di Indonesia,” pungkas Nur.***
Baca Juga
Lokakarya Pangan dan Gizi
Batasi Karamba di Danau Toba
Pertemuan Media Biotek
Lebih Dekat dengan Belimbing
Padi Gogo Panen Naik 300%
Jejak Kehidupan Rafflesia
Mengangkat Pamor Amor
Biarkan Mata Kukang Tetap Menyala
Cerdas Berkurban
Menuju Desa Mandiri</isi></data>