<?xml version='1.0' encoding='utf-8'?>
<data><tanggalPost>-</tanggalPost><tanggalFetch>28/03/2020 10:21:50</tanggalFetch><judul>APA ITU KONSERVASI LAUT ?</judul><author>-</author><isi>Konservasi laut juga dikenal sebagai konservasi laut. Kesehatan semua kehidupan di Bumi bergantung (secara langsung atau tidak langsung) pada samudra yang sehat. Seiring manusia mulai menyadari dampaknya yang meningkat di laut, bidang konservasi laut muncul sebagai tanggapan. Artikel ini membahas definisi konservasi laut, teknik yang digunakan di lapangan, dan beberapa isu konservasi laut yang paling penting.
DEFINISI KONSERVASI LAUT
Konservasi laut adalah perlindungan spesies dan ekosistem laut di lautan dan lautan di seluruh dunia. Ini melibatkan tidak hanya perlindungan dan pemulihan spesies, populasi dan habitat, tetapi juga mengurangi aktivitas manusia seperti penangkapan berlebih, perusakan habitat, polusi, penangkapan ikan paus dan hal-hal lain yang mempengaruhi kehidupan dan habitat laut.
Istilah terkait yang mungkin Anda hadapi adalah biologi konservasi laut, yang merupakan penggunaan sains untuk memecahkan masalah konservasi.
Daftar isi konten dalam artikel ini
SEJARAH SINGKAT KONSERVASI LAUT
TEKNIK KONSERVASI LAUT
ISU KONSERVASI LAUT
SEJARAH SINGKAT KONSERVASI LAUT
Orang menjadi lebih sadar akan dampaknya terhadap lingkungan di tahun 1960an dan 1970an. Sekitar waktu yang sama, Jacques Cousteau membawa keajaiban samudra ke orang-orang melalui televisi. Seiring teknologi scuba diving meningkat, semakin banyak orang turun ke dunia bawah laut. Rekaman lagu paus memukau masyarakat, membantu orang mengenali paus sebagai makhluk hidup, dan menyebabkan larangan penangkapan ikan paus.
Juga di tahun 1970an, undang-undang disahkan di AS mengenai perlindungan mamalia laut (Marine Mammal Protection Act), perlindungan spesies yang terancam punah (Endangered Species Act), penangkapan berlebih (Magnuson Stevens Act) dan air bersih (Clean Water Act), dan pembentukan Program Perlindungan Kelautan Nasional (Marine Protection, Research and Sanctuaries Act).
Sebagai tambahan, Konvensi Internasional untuk Pencegahan Pencemaran dari Kapal diberlakukan untuk mengurangi pencemaran laut.
Dalam beberapa tahun terakhir, saat isu samudra muncul di garis depan, Komisi Kebijakan Laut A.S. didirikan pada tahun 2000 untuk “mengembangkan rekomendasi untuk kebijakan laut nasional yang baru dan komprehensif.” Hal ini menyebabkan terciptanya National Ocean Council, yang bertugas menerapkan Kebijakan Laut Nasional, yang menetapkan kerangka kerja untuk mengelola laut, Great Lakes dan daerah pesisir, mendorong lebih banyak koordinasi antara badan-badan Federal, negara bagian dan lokal yang ditugaskan untuk mengelola sumber daya laut, dan penggunaan tata ruang laut secara efektif.
TEKNIK KONSERVASI LAUT
Pekerjaan konservasi laut dapat dilakukan dengan menegakkan dan menciptakan undang-undang, seperti Endangered Species Act dan Marine Mammal Protection Act. Hal ini juga dapat dilakukan dengan membangun kawasan lindung laut, mempelajari populasi melalui melakukan penilaian stok dan mengurangi aktivitas manusia dengan tujuan memulihkan populasi.
Bagian penting dari konservasi laut adalah penjangkauan dan pendidikan. Kutipan pendidikan lingkungan yang populer oleh ahli konservasi Baba Dioum menyatakan bahwa “Pada akhirnya kita akan melestarikan hanya apa yang kita cintai, kita hanya akan mencintai apa yang kita pahami, dan kita hanya akan mengerti apa yang kita diajarkan.”
ISU KONSERVASI LAUT
Isu terkini dan yang sedang berkembang dalam konservasi laut meliputi:
Pengasaman laut
Perubahan iklim dan pemanasan suhu samudera.
Kenaikan permukaan air laut
Mengurangi penangkapan dalam perikanan laut dan alat tangkap iklan.
Membentuk kawasan lindung laut untuk melindungi habitat penting, spesies komersial dan / atau rekreasiyang berharga dan tempat makan dan pembibitan.
Mengatur penangkapan ikan paus
Melindungi terumbu karang dengan mempelajari masalah pemutihan karang.
Mengatasi masalah spesies invasif di seluruh dunia.
Puing-puing laut dan isu plastik di laut.
Berurusan dengan masalah penangkapan hiu untuk diambil siripnya.
Tumpahan minyak (sebuah isu publik menjadi sangat terimakasih berkat tumpahan Exxon Valdez dan Deepwater Horizon).
Perdebatan yang sedang berlangsung tentang kesesuaian cetacea di penangkaran.
Mempelajari dan melindungi spesies yang terancam punah (misalnya, paus Atlantik Utara, vaquita, kura-kura laut, segel monkem dan banyak spesies terancam dan hampir punah).
SHARE THIS:
Click to share on Twitter (Opens in new window)
Click to share on Facebook (Opens in new window)</isi></data>