<?xml version='1.0' encoding='utf-8'?>
<data><tanggalPost>-</tanggalPost><tanggalFetch>28/03/2020 10:18:21</tanggalFetch><judul>APA DAN CIRI-CIRI ARTHROPODA</judul><author>-</author><isi>Untuk mengenal Arthropoda yang hidup di dalam gua yang perlu diperhatikan adalah ciri utama yang membedakan dengan kelompok invertebrata lain. Asal kata Arthropoda adalah berasal dari dua kata Yunani yaitu arthros yang berarti berbuku-buku atau beruas dan podos yang berarti kaki. Jadi secara umum kelompok arthropoda dicirikan dengan kaki yang berbuku-buku atau beruas. Antara buku satu dengan yang lainnya dihubungkan oleh lembaran yang elastis yang memudahkan pergerakan badan dan kakinya.
Secara evolusi kelompok arthropoda merupakan hewan yang paling berhasil dalam mengembangkan jenisnya. Hampir 75% hewan di bumi ini adalah arthropoda. Begitu juga di dalam gua, arthropoda memgang peranan penting dan mempunyai keanekaragaman tinggi dan paling berhasil beradaptasi dalam lingkungan gua. Arthropoda banyak ditemukan sebagi hewan yang khas dan teradaptasi dengan lingkungan gua. Arthropoda menyumbang sekitar 80% hewan khas gua.
Secara morfologi Arthropoda dicirikan dengan badan yang beruas biasnya mencapai lebih dari 21 ruas, yang tiap ruasnya mempunyai sepasang anggota badan (appendages) namun sepasang anggota badan ini ada yang mereduksi atau berubah bentuk dan fungsi sesuai dengan kebutuhan masing-masing kelompok. Ciri penting lain adalah kelompok arthropoda tidak memunyai struktur tulang di dalam tubuhnya. Arthropoda mempunyai struktur dinding badan keras yang menutupi tubuh bagian luar untuk melindungi bagian dalam tubuh yang biasanya disebut eksosekeleton. Bagian paling luar mempunyai struktur yang paling keras dan diperkuat oleh khitin. Meskipun keras namun strukutur ini masih memungkinkan pergerakan di tiap ruas.
PERBEDAAN KENAMPAKAN MORFOLOGI LIMA KELAS UTAMA ARTHROPODA
PERBEDAAN
Arachnida Crustacea Diplopoda Chilopoda Insecta
Pembagian badan Cepahalotorax dan abdomen Cephalothorax dan abdomen Kepala dan badan Kepala dan badan Kepala, thorax dan abdomen
Bentuk badan pipih Bervariasi globular pipih Bervariasi
Kaki Empat pasang Banyak biasanya 5 pasang atau lebih Banyak, biasanya dua pasang tiap segmen Banyak, sepasang tiap segmen Tiga pasang pada tiap segmen di bagian thorax
Antena Tidak ada 2 pasang sepasang sepasang sepasang
Alat mulut Chelicera dan pedipalpus mandibula mandibula mandibula mandibula
Habitat terrestrial Kebanyakan di laut dan air tawar, jarang terrestrial terrestrial terrestrail terrestrial
5 / 5 ( 1 vote )
SHARE THIS:
Click to share on Twitter (Opens in new window)
Click to share on Facebook (Opens in new window)</isi></data>