<?xml version='1.0' encoding='utf-8'?>
<data><tanggalPost>-</tanggalPost><tanggalFetch>28/03/2020 10:20:23</tanggalFetch><judul>APA YANG MENYEBABKAN KUTU BUSUK ?</judul><author>-</author><isi>Setelah dianggap sebagai hama masa lalu, kutu kasur sekarang menjadi berita utama saat mereka menempati rumah, hotel, dan asrama di seluruh dunia. kutu kasur menyebar, lebih banyak orang yang khawatir tentang mereka dan ingin tahu apa penyebab kutu kasur.
Meski nampaknya infestasi tidur nyenyak terus meningkat, konteks sejarah itu penting. kutu kasur dan parasit pengisap darah lainnya telah dikaitkan dengan manusia selama ribuan tahun.
Sepanjang sejarah, orang telah memberi makan serangga yang memberi makan darah mereka. kutu kasur semua tapi hilang ketika orang mulai menggunakan DDT dan pestisida lainnya untuk mencegah serangga keluar dari rumah mereka.
Daftar isi konten dalam artikel ini
1. ADANYA KUTU KASUR BUKAN KARENA BERSIH ATAU KOTOR
2. KUTU KASUR DAPAT BEPINDAH TEMPAT DENGAN SANGAT BAIK
3. TEMPAT BANYAKNYA KUTU KASUR
4. KUTU KASUR BERSEMBUNYI DI HIDE IN CLUTTER
1. ADANYA KUTU KASUR BUKAN KARENA BERSIH ATAU KOTOR
Bertentangan dengan kepercayaan populer, tidak ada hubungan antara kutu kasur dan kotoran. kutu kasur memakan darah manusia dan hewan. Selama ada sumber darah yang tersedia bagi mereka, mereka akan dengan senang hati tinggal di rumah yang paling murni. Kotoran tidak menyebabkan kutu kasur.
Begitu juga kutu kasur tidak peduli berapa banyak uang yang Anda hasilkan. Menjadi miskin tidak menempatkan Anda pada risiko lebih besar untuk kutu kasur, dan memiliki kekayaan tidak mengimunisasi Anda dari serangan insomnia. Kemiskinan tidak menyebabkan kutu kasur. Namun, masyarakat miskin mungkin kekurangan sumber daya yang dibutuhkan untuk mengendalikan infestasi tempat tidur, membuat mereka lebih gigih dan meluas di daerah tersebut.
2. KUTU KASUR DAPAT BEPINDAH TEMPAT DENGAN SANGAT BAIK
Agar kutu kasur bisa sampai ke rumah Anda, mereka harus memanjat seseorang atau sesuatu. kutu kasur biasanya tidak tinggal di host manusianya setelah memberi makan, tapi mungkin bersembunyi di pakaian dan secara tidak sengaja naik ke lokasi baru. Paling sering, kutu kasur perjalanan di bagasi setelah seseorang telah tinggal di kamar hotel penuh.
kutu kasur bahkan bisa menempati bioskop dan ruang publik lainnya dan menyebar ke lokasi baru melalui dompet, ransel, atau mantel.
3. TEMPAT BANYAKNYA KUTU KASUR
Serangan kutu kasur lebih sering terjadi di tempat dengan tingkat perputaran tinggi pada populasi manusia: bangunan apartemen, asrama, tempat penampungan tunawisma, hotel dan motel, dan barak militer. Kapan pun Anda memiliki banyak orang yang datang dan pergi, ada peningkatan risiko bahwa seseorang akan membawa beberapa kutu kasur ke dalam gedung. Secara umum, satu keluarga pemilik rumah memiliki risiko lebih rendah terkena kutu kasur.
4. KUTU KASUR BERSEMBUNYI DI HIDE IN CLUTTER
Begitu berada di rumah Anda, serangga tidur bisa dengan cepat pergi ke tempat persembunyian baru: di belakang bantal,di bawah wallpaper, di dalam pelat switch, atau di jahitan furnitur. Maka itu hanya masalah waktu sebelum mereka mulai mengalikan. Seorang betina mungkin tiba di depan pintu rumah Anda yang telah membawa cukup banyak telur untuk menghasilkan lebih banyak keturunan. Dan sementara kotoran tidak menguntungkan kutu kasur dengan cara apapun, tidak berantakan. Semakin berantakan rumah Anda, semakin banyak tempat persembunyian tempat tidur kutu kasur, dan semakin sulit untuk menyingkirkannya.
SHARE THIS:
Click to share on Twitter (Opens in new window)
Click to share on Facebook (Opens in new window)</isi></data>