<?xml version='1.0' encoding='utf-8'?>
<data><tanggalPost>on 07/06/2017</tanggalPost><tanggalFetch>28/03/2020 14:46:35</tanggalFetch><judul>Aplikasi Petani Indonesia</judul><author>by Admin</author><isi>Aplikasi Petani Indonesia
Filed in Peristiwa by Admin on 07/06/2017
Produsen benih PT East West Seed Indonesia (Ewindo) bekerja sama dengan lembaga nirlaba Promoting Rural Income through Support for Markets in Agriculture (PRISMA) meluncurkan aplikasi Sistem Aplikasi Petani Indonesia (Sipindo). Ewindo merilis Sipindo apps pada 27 April 2017 di Cilandak, Jakarta Selatan. Managing Director Ewindo, Glenn Pardede, mengatakan aplikasi itu untuk memenuhi kebutuhan sayuran dan buah di Indonesia. Petani diharapkan mampu meningkatkan produktivitas dan kualitas hasil pertanian mereka sesuai dengan permintaan pasar secara kontinu. Pada tahap awal aplikasi akan menyasar 1.000 petani, diharapkan dalam tiga tahun ke depan dapat menyasar 10.000 petani,” paparnya.***
Baca Juga
Pesta Perak Panah Merah
Ekspo Nasional Ewindo
Trio Rawit Anyar
Pakan Herbal untuk Klangenan
Biotek untuk Tantangan Global
Demi Produksi Benih Bermutu
Cabai Tanpa Pucuk Kuning
Cabai Dunia
Pasukan Masa Depan si Pedas
Selamat Datang Keriting Besar</isi></data>