<?xml version='1.0' encoding='utf-8'?>
<data><tanggalPost>on 10/10/2017</tanggalPost><tanggalFetch>28/03/2020 14:14:36</tanggalFetch><judul>Apple Tour &amp; World Heritage Tour</judul><author>by Admin</author><isi>Apple Tour &amp; World Heritage Tour
Filed in Pelatihan by Admin on 10/10/2017
Apple Tour
20th-23rd November 2017
In November until April, will be an apple harvest in East Java. The figure of tree is short, only 1.5-2 meters with lush fruits and hanging on trees. You must find an experience picking of apples in his garden. Various snacks made from apples such as chips, dodol, juice you can also taste it. Another unique culinary, bakpao or ice cream made from purple sweet potato. Not only delicious, but they are rich in nutrients and anthocyanins for immunity. Come join with Trubus, contact Dian / Devi for detail information. Email: pelatihan@trubus-online.com
  ● Farm and processing of Malang Apples
● Farm and processing of Sweet Potato
● Vegetable Farm
● Chrysanthemum Farm
● Mushroom Cultivation
Price :
USD 853
includes a round trip ticket, accommodation, snack and meals during the trip,and ticket for garden visits.
World Heritage Tours
18th-21st December 2017
Family of Rambutan, Lerak, still growing in the center city of batik, Yogyakarta. The Craftsmen make use of lerak to maintain the brilliance of batik, that’s now a world heritage. Cultural tourism of agriculture, such as processing coconut into virgin coconut oil, liquid smoke and sugar ants. Other cultural tours is water palace Tamansari, Borobudur and Prambanan temple which we will visit together. Come join with Trubus, contact Dian / Devi for detail information. Email: pelatihan@trubus-online.com
Visits:
● Processing of Virgin Coconut Oil
● Processing of Ants Sugar and Liquid Smoke
● Batik Home Industry
● Borobudur temple
● Prambanan temple
● Water palace Tamansari
● Yogyakarta palace
● Malioboro
Price :
USD 920
includes a round trip ticket, accommodation, snack and meals during the trip,and ticket for garden visits.
Contact Person:
Majalah Trubus
Telp 021-874 22 20, 874 55 99, 874 55 11 HP. 0813 1603 4009,
Faks. 021-874 37 27
E-mail: pelatihan@trubus-online.co.id,
Baca Juga
Hidroponik Tanpa Greenhouse &amp; Skala Rumahan
Teknik Olah Singkong
Budidaya Gurami Kiat 4 Bulan Panen
Budidaya Lele Padat Tebar
Pelatihan Hasilkan Minyak Asiri Komoditas Sereh Wangi
Bertanam Sayuran di Lahan Sempit
Peluang Bisnis dan Kiat Budidaya Cacing Sutra
Khasiat &amp; Teknik Hasilkan Albumin Gabus
Budidaya Udang Vannamei Air Tawar
Kiat Atasi Hama Penyakit Tanaman Hortikultura</isi></data>