<?xml version='1.0' encoding='utf-8'?>
<data><tanggalPost>on 08/05/2019</tanggalPost><tanggalFetch>28/03/2020 11:57:01</tanggalFetch><judul>Aromaterapi Organik</judul><author>by admin trubus</author><isi>Aromaterapi Organik
Filed in agrineka by admin trubus on 08/05/2019
Minyak esensial yang diekstrak dari berbagai bagian tumbuhan seperti buah, daun, maupun bunga bisa dijadikan bahan lilin aromaterapi. Campuran berbagai aroma minyak asiri dalam formulasi lilin aromaterapi akan menciptakan sensasi yang berbeda ketika dinyalakan. Di Jeju, Korea Selatan, beberapa warga yang menjual lilin aromaterapi turut merangkai potongan bunga-bunga kering awetan di bagian atas lilin agar terkesan feminin dan estetis. Hiasan bunga bagaikan mahkota dari lilin aromaterapi itu disesuaikan dengan wewangian yang terkandung di dalam lilin.
Baca Juga
Suvenir Aromaterapi
Produk Unik Asal Limbah
Sikas Mahkota Unik
Melon Apel
Merak Krisan
Akuarium di Peturasan
Jeruk Raksasa
Bertani di Lembar Polimer
Piramida Durian
Menyantap Kulit Avokad</isi></data>