<?xml version='1.0' encoding='utf-8'?>
<data><tanggalPost>7 February </tanggalPost><tanggalFetch>28/03/2020 22:40:46</tanggalFetch><judul>Asal Polusi Perubahan Iklim</judul><author>-</author><isi>Dari mana asal polusi penyebab perubahan iklim? Hampir semua sektor berkontribusi menghasilkan polusi iklim. Mulai dari sektor pertanian, energi, bangunan, manufaktur hingga transportasi. Ada tantangan, ada juga peluang untuk menciptakan lingkungan yang sehat, aman dan bersih. Di setiap sektor tersebut kita bisa beraksi mengurangi polusi. Inspirasi dan solusi perubahan iklim di berbagai sektor tersebut bisa dibaca di Hijauku.com.
Redaksi Hijauku.com</isi></data>