<?xml version='1.0' encoding='utf-8'?>
<data><tanggalPost>on 10/01/2019</tanggalPost><tanggalFetch>28/03/2020 12:22:10</tanggalFetch><judul>Asap Cair Awetkan Ikan</judul><author>by admin trubus</author><isi>Asap Cair Awetkan Ikan
Filed in organik, Rubrik Tetap by admin trubus on 10/01/2019
Ikan bahan pangan yang gampang busuk. Oleh karena itu, metode pengawetan alami sangat dibutuhkan untuk menjaga ikan tetap segar. Dyssa Nurachma dan rekan dari Fakultas Perikanan dan Ilmu Kelautan, Universitas, Brawijaya, menciptakan bahan pengawet alami berbahan dasar batok kelapa. Aplikasinya berupa asap cair yang dinamakan coconut shell liquid smoke. Dyssa Nurachma mengujikan pengasapan dengan batok kelapa pada konsentrasi 7,5% dan 10%. Hasilnya, ikan dan udang dalam bentuk utuh tetap segar selama 2 hari. Sementara dalam bentuk fillet dapat bertahan selama 3—4 hari pada suhu ruang.
Baca Juga
Organik Kian Moncer
Pelatihan Pertanian Organik
Bintaro Atasi Rayap
Serai Basmi Bulai
Pakan Bebek
Daun Pengusir Kecoak
Bawang Putih Musuh Cendawan
Cegah Kematian Massal Benih Lele
Fungisida Organik
Cuka Kayu Rangsang Buah</isi></data>