<?xml version='1.0' encoding='utf-8'?>
<data><tanggalPost>30 November </tanggalPost><tanggalFetch>28/03/2020 22:45:33</tanggalFetch><judul>Asia Juara Energi Terbarukan</judul><author>-</author><isi>Asia juara di sektor nergi terbarukan. Negara-negara Asia memimpin kapasitas dan produksi energi terbarukan, menyumbang 39,7% bauran energi terbarukan secara global. Walau didominasi oleh China, potensi energi terbarukan di Asia, terutama Indonesia sungguh besar.
Indonesia menargetkan penggunaan energi baru dan terbarukan minimal 23% pada tahun 2025 dan 31% pada tahun 2050. Namun Indonesia juga mematok penggunaan batubara minimal 30% di 2025 dan 25% pada tahun 2050. Semoga bauran energi terbarukan Indonesia terus meningkat ke depannya. Indonesia mau, Indonesia bisa!
Redaksi Hijauku.com</isi></data>