<?xml version='1.0' encoding='utf-8'?>
<data><tanggalPost>on 03/02/2020</tanggalPost><tanggalFetch>28/03/2020 10:49:30</tanggalFetch><judul>Astruli Bicara Anggur Laut</judul><author>by admin trubus</author><isi>Astruli Bicara Anggur Laut
Filed in Majalah, Topik by admin trubus on 03/02/2020
Ketua Asosiasi Industri Rumput Laut Indonesia (Astruli), Mc. Donny W. Nagasan, B.Sc (Hons).
Ketua Asosiasi Industri Rumput Laut Indonesia (Astruli), Mc. Donny W. Nagasan, B.Sc (Hons), mengatakan permintaan anggur laut menunjukkan tren positif. Musababnya persepsi anggur laut sebagai superfood sudah digaungkan di negara-negara maju. Sea grapes—sebutan anggur laut di pasar global—memiliki prospek yang menjanjikan pada 5—10 tahun mendatang. Namun, mesti diimbangi dengan promosi yang baik. Pemerintah bisa berperan untuk memfasilitasi pengembangan budidaya di tempat wisata pantai.
Jadi hasil budidaya bisa langsung dihidangkan di area wisata itu. “Perlu inovasi dari chef untuk mengolah bahan baku anggur laut supaya bisa menjadi tujuan kuliner andalan dengan dressing yang pas dan disukai turis,” kata pria kelahiran Surabaya, Jawa Timur itu. Lebih lanjut ia menuturkan anggur laut merupakan hidangan salad di setiap meja restoran di sepanjang pantai Kota Danang, Vietnam. Sementara di Indonesia alga anggota famili Caulerpaceae itu masih relatif baru. Mungkin juga terkait dengan ketersediannya. Indonesia sangat mungkin menjadi eksportir anggur laut.
Syaratnya produsen mesti menghasilkan produk secara konsisten serta menerapkan Good Aquaculture Practice (GAqP) dan Hazard Analysis and Critical Control Point (HACCP) yang baik dan benar pada pascapanen. Harap mafhum anggur laut menyerap polutan sehingga hindari tempat budidaya jauh dari perairan berpolutan. Donny berharap anggur laut bisa menjadi menu acara wajib di beberapa daerah tujuan wisata yang dapat diakses dengan sentra budidayanya seperti di Vietnam. Dengan begitu industri budidaya anggur laut di Indonesia bertumbuh. (Riefza Vebriansyah/Peliput: Tamara Yunike)
Baca Juga
Mengenal Anggur Laut
Bisnis Yahud Kaviar Hijau
Hasilkan Anggur Laut Bermutu
Profit dari Anggur Laut
Tiga Menguak Pasar
Singkap Khasiat Anggur Laut
Banyak Aral Tanam Latoh
Pangan Kaya Gizi
Beda Minyak, Lain Manfaat
Salad Lezat Bertabur Bunga</isi></data>