<?xml version='1.0' encoding='utf-8'?>
<data><tanggalPost>on 16/09/2019</tanggalPost><tanggalFetch>28/03/2020 11:26:41</tanggalFetch><judul>Asuransi untuk Peternak</judul><author>by admin trubus</author><isi>Asuransi untuk Peternak
Filed in Peristiwa by admin trubus on 16/09/2019
Kementerian Kelautan dan Perikanan (KKP) dan Asosiasi Asuransi Umum Indonesia (AAUI) meluncurkan produk Asuransi Usaha Budidaya Udang (AUBU) komersial pada 1 Agustus 2019. Sasaran asuransi meliputi pembudidaya udang windu dan vannamei dengan kolam berteknologi sederhana, semiintensif, dan intensif. Direktur Jenderal Perikanan Budidaya,



Slamet Soebjakto, berharap AUBU lebih banyak mendorong peran swasta untuk bersinergi dengan pembudidaya melalui dukungan teknologi termasuk mobile application menuju digital farming. Pada acara yang berlangsung di Auditorium Tuna, Gedung Mina Bahari IV, KKP, itu juga ada sosialisasi Program Asuransi Perikanan bagi Pembudidaya Ikan Kecil (APPIK) yang sasarannya diperluas kepada pembudidaya lele. Sebelumnya APPIK hanya dapat diakses pemilik usaha pembesaran udang, nila, bandeng, dan patin.
Baca Juga
Tren &amp; Pasar Baru Filet Patin
Standar Mutu Produk Lokal
Merawat Padang Lamun
Para Petani Beromzet Miliaran Rupiah
AIDS DAN PERTANIAN
Lou han Kampiun Rp150 Juta
Dongkrak Mutu Minyak Terbang
Mangga Top Zaman Now!
BASF Indonesia 40 Tahun
Ekshibisi Pertanian Agrinex</isi></data>