<?xml version='1.0' encoding='utf-8'?>
<data><tanggalPost>on 08/02/2020</tanggalPost><tanggalFetch>28/03/2020 10:44:12</tanggalFetch><judul>Atasi Perongrong Dekopon</judul><author>by admin trubus</author><isi>Atasi Perongrong Dekopon
Filed in Buah, Majalah by admin trubus on 08/02/2020
Perangkap metil eugenol untuk mengatasi serangan lalat buah.
Pengelola agrowisata Mupu Jeruk, Nir Ratmita, juga menyemprotkan larutan pupuk organik cair ke seluruh tanaman yang terkena penyakit. Bahan baku pupuk hasil samping industri jamu. Di kebun Mupu Jeruk beberapa tanaman meranggas akibat serangan penyakit. Akibatnya kulit batang jeruk kering, retak, dan mengelupas.
Menurut peneliti di Balai Penelitian Jeruk dan Tanaman Subtropika (Balitjestro), Dr. Ir. Anang Triwiratno, M.P., kemungkinan penyakit itu blendok atau diplodia kering. Penyebabnya cendawan Botryodiplodia theobromae. Penyemprotan larutan pupuk secara rutin menyebabkan tanaman kembali bertunas baru. Beberapa di antaranya bahkan berbunga. Selain itu serangan lalat buah juga menjadi ancaman utama jeruk.
&lt;script async src=”https://pagead2.googlesyndication.com/pagead/js/adsbygoogle.js”&gt;&lt;/script&gt;
&lt;ins class=”adsbygoogle”
style=”display:block; text-align:center;”
data-ad-layout=”in-article”
data-ad-format=”fluid”
data-ad-client=”ca-pub-4696513935049319″
data-ad-slot=”8129520315″&gt;&lt;/ins&gt;
&lt;script&gt;
(adsbygoogle = window.adsbygoogle || []).push({});
&lt;/script&gt;
Ratmita mengatasinya dengan perangkap metil eugenol. Ia melumuri kapas dengan senyawa itu dan menggantungkannya di dalam botol plastik bekas minuman dalam kemasan yang telah dilumuri lem. Tujuannya untuk mengundang lalat buah jantan datang. Lalat jantan yang tergoda datang dan menempel di permukaan botol. Gangguan lain berupa gulma. Upaya pencegahan dengan penaburan sekam mentah di sekitar area perakaran. “Itu baru percobaan. Tenyata mampu memperlambat tumbuhnya gulma, meski akhirnya rumput bisa tumbuh di sela-sela sekam,” ujarnya. (Imam Wiguna)
Baca Juga
Dekopon dari Nipon ke Ciwidey
Memacu Tumbuh Bibit Sawit
Irwan Margono: Dekopon Bekal Pensiun
Sisi Buruk Tanam Jeruk
Hasilkan Dekopon Bermutu
Lebat Dekopon Dalam Pot
Raih Laba Dobel
Mutasi
Mimbar Pembaca Agustus 2015
Shiranui</isi></data>