<?xml version='1.0' encoding='utf-8'?>
<data><tanggalPost>on 07/06/2018</tanggalPost><tanggalFetch>28/03/2020 13:06:04</tanggalFetch><judul>Atasi Masalah Hidroponik</judul><author>by admin trubus</author><isi>Atasi Masalah Hidroponik
Filed in Peristiwa by admin trubus on 07/06/2018
Acara “Diskusi Bareng Pakar Kiat Sukses Hidroponik Sayuran,” terselenggara pada Sabtu 12 Mei 2018 di toko buku Gramedia, Matraman, Jakarta Timur. Acara berbarengan dengan peluncuran buku berjudul “100 Kiat Sukses Hidroponik,” karya pakar hidroponik Ir. Yos Sutiyoso. Di buku terbarunya itu Yos menuangkan persoalan yang acap muncul dalam budidaya hidroponik. Yang menggembirakan, Yos juga memaparkan cara terbaik mengatasinya. Pada acara itu turut hadir pula Manajer Pemasaran PT Meroke Tetap Jaya, Catur Dian Mirzada, S.P., memaparkan nutrisi tepat budidaya hidroponik. Acara dihadiri praktikus hidroponik pemula dan senior dari berbagai kota di tanah air. ***
Baca Juga
Cenderawasih Baru
Diskusi Bareng Pakar Hidroponik
Pasar Minta Madu Trigona
Pendatang Eksotis dari Argentina
Berhidroponik Sejak Belia
Komunitas Hidroponik Bogor
Hidroponik Melon Chamoe Lezat Asal Korea
Suriname Belajar Hidroponik
Berhidroponik Dalam Kulkas
Panen Perdana Hijos Farm</isi></data>