<?xml version='1.0' encoding='utf-8'?>
<data><tanggalPost>on 18/12/2017</tanggalPost><tanggalFetch>28/03/2020 13:54:08</tanggalFetch><judul>Atasi Kucing Diare</judul><author>by Admin</author><isi>Atasi Kucing Diare
Filed in Rubrik Tetap, tip satwa by Admin on 18/12/2017
Diare salah satu masalah kesehatan pada kucing. Tandanya kucing kerap buang air besar berbentuk cairan. Penyebab secara umum diare dipengaruhi oleh perubahan diet, penyakit, atau infeksi. Menurut pehobi kucing ras di Bekasi, Jawa Barat, Cacang Effendi, hindari memberikan pakan apa pun selama 12—24 jam pada kucing diare. Asupan air minum bersih tetap harus dijaga untuk menghindari dehidrasi. Hindari juga memberikan susu karena sebagian kucing tidak mampu mencerna laktosa. Dampaknya laktosa yang tidak tercerna terfermentasi di usus besar, menimbulkan gas, dan menyebabkan diare. Segera bawa klangenan ke dokter hewan terdekat jika diare lebih dari satu hari. *** 
Baca Juga
Tuna untuk Kucing
Tanah untuk Skabies
Ikan Mentah Terlarang
Air Untuk Kucing
Cegah Kucing Flu
Rawat Minim Bulu
Atasi Kucing Keracunan
Susu Penyebab Dehidrasi
Pertolongan Pertama Kucing Muntah
Obat Cacing untuk Kucing</isi></data>