<?xml version='1.0' encoding='utf-8'?>
<data><tanggalPost>on 04/08/2017</tanggalPost><tanggalFetch>28/03/2020 14:33:15</tanggalFetch><judul>Atasi Ulat Bulu</judul><author>by Admin</author><isi>Atasi Ulat Bulu
Filed in organik, Rubrik Tetap by Admin on 04/08/2017
Ulat bulu kerap memakan daun beragam jenis tanaman. Bulunya yang mudah rontok juga menimbulkan reaksi gatal jika tersentuh kulit. Untuk menangkal serangan ulat bulu gunakan saja cengkih atau pala. Made Mika Mega Astuthi bersama rekan dari Program Studi Agroteknologi, Universitas Udayana, membandingkan minyak asiri cengkih, pala, dan jahe untuk mengatasi ulat bulu. Konsentrasi masing-masing 1%, 2%, 5%, dan 10%. Pengamatan dilakukan 24 jam pascaaplikasi. Hasilnya, penyemprotan minyak asiri cengkih 10% dan pala 10% membunuh ulat hingga 100%. Minyak asiri pala mengandung metil eugenol dan metil isoeugenol, keduanya banyak digunakan petani untuk mengatasi serangga hama. ***
Baca Juga
Mengusir Hama Sawi
Putri Malu Selamatkan Beras
Beras Tanpa Kutu
Bakso Awet
Bintaro Usir Ulat Grayak
Kenikir Atasi Ulat Kubis
Nimba Atasi Grayak
Pestisida Nabati Daun Pepaya
Tembakau Usir Keong Mas
Basmi Puru Akar</isi></data>