<?xml version='1.0' encoding='utf-8'?>
<data><tanggalPost>on 06/02/2019</tanggalPost><tanggalFetch>28/03/2020 12:18:32</tanggalFetch><judul>Atasi Lalat Buah</judul><author>by admin trubus</author><isi>Atasi Lalat Buah
Filed in pakar menjawab by admin trubus on 06/02/2019
Cabai merah besar saya terserang lalat buah. Untuk mengatasinya saya memasang perangkap hama menggunakan petrogenol dan menyemprotkan insektisida. Namun, cara itu belum berhasil mengatasi serangan hama. Bagaimana cara yang efektif untuk menanggulangi serangan lalat buah pada cabai?
Dalyono
Kabupaten Sragen, Provinsi Jawa Tengah
Final Prajnanta
Serangan lalat buah sulit dikendalikan jika di sekitar tempat itu juga banyak inang, seperti cabai, belimbing, melon, semangka, dan jeruk. Pengendalian dapat dilakukan dengan membersihkan lingkungan antara lain membuang cabai yang rontok karena terserang lalat buah. Gunakan insektisida yang mengandung pirethroid atau campuran misal bifenthrin dan nuvaluron (Rimon Fast), sipermethrin (Royalcyper), dan deltamethrin.
Lalat buah lazim menyerang pada musim hujan. Jadi tambahkan perekat dan perata. Jika metil eugenol tidak mempan, maka gunakan lemket. Oleskan lem itu pada kertas atau bekas spanduk plastik. Tempelkan spanduk plastik di setiap 1.000 m² untuk memerangkap lalat buah.***
Baca Juga
Agar Laba Tak Sirna
Banyak Cara Atasi Lalat Buah
Cabai Baru Tahan Gempuran Virus
Agar Patek Tak Berkutik
Kiat Jaga Kualitas Cabai
Inovasi Agar Harga Terkendali
Bendera Kuning untuk Kutu Putih
Banyak Cara Atasi Lalat Buah
Inovasi Tak Pernah Henti
Swasembada Dua Rempah</isi></data>