<?xml version='1.0' encoding='utf-8'?>
<data><tanggalPost>on 18/09/2019</tanggalPost><tanggalFetch>28/03/2020 11:25:35</tanggalFetch><judul>Atasi Bercak Daun</judul><author>by admin trubus</author><isi>Atasi Bercak Daun
Filed in organik, Rubrik Tetap by admin trubus on 18/09/2019
Cendawan Phyllosticta sp. penyebab bercak daun pada tanaman jahe Zingiber officinale. Pada daun muda muncul bercak dengan titik putih di tengah dan dikelilingi warna kuning. Periset Balai Penelitian Tanaman Rempah dan Obat (Balittro), Sri Yuni Hartati, meracik pestisida nabati dari cengkih Syzygium aromaticum dan serai wangi Cymbopogon nardus. Sri Yuni hanya perlu mengencerkan dua mililiter ekstrak cengkih dan serai wangi dalam satu liter air. Penyemprotan setiap pekan selama empat bulan. Hasilnya racikan pestisida nabati konsentrasi 0,2―0,4% mampu menekan serangan cendawan kurang dari 10%. Racikan memiliki daya simpan lama hingga sepuluh bulan pada suhu kamar. Kandungan minyak asiri keduanya berfungsi sebagai antifungal dan antibakteri.
Baca Juga
Kilapkan Daun Aglaonema
Daun Elok Sumber Rupiah
Daun Salam Atasi Lemak
Mimbar Pembaca Edisi Desember 2019
Pesona Gelombang Cinta Hitam
Selembar Daun Selaksa Kisah
Ratu Daun Paling Gres
Pestisida Nabati Daun Pepaya
Cegah Tikus di Ladang Jagung
Mengusir Hama Sawi</isi></data>