<?xml version='1.0' encoding='utf-8'?>
<data><tanggalPost>on 10/05/2018</tanggalPost><tanggalFetch>28/03/2020 13:13:41</tanggalFetch><judul>Atasi Herpes Koi</judul><author>by admin trubus</author><isi>Atasi Herpes Koi
Filed in tip satwa by admin trubus on 10/05/2018
S. Nuryati, P. Giru, dan Y. Hadiroseyani periset dari Fakultas Perikanan dan Ilmu Kelautan Institut Pertanian Bogor, membuktikan bawang putih ampuh mencegah penyakit Koi Herpes Virus (KHV). Mereka mencampurkan 50—70 gram bawang putih kupas dan 100 ml air kemudian menghaluskannya, serta menyaring untuk memperoleh sari. Semprotkan larutan sari bawang itu ke itu pakan ikan kemudian angin-anginkan. Setelah kering maka pakan siap diberikan kepada ikan. Frekuensi pemberian 2 kali sehari untuk  mengatasi KHV. Namun, untuk pencegahan cukup berikan 1 kali sepekan.***
Baca Juga
Ikan Kuat Setelah Divaksin
Pasar Minta Madu Trigona
Agus Riyanto: Omzet Besar Berkat Koi
Koi Merah Karena Marigold
Jawara Usai Sakit
Setia Berbisnis Koi
Jawara Kontes Perdana
Dari Sapi untuk Itik
Seleksi Indukan Unggul
Koi dan Guppy Paling Elok</isi></data>