<?xml version='1.0' encoding='utf-8'?>
<data><tanggalPost>on 12/12/2017</tanggalPost><tanggalFetch>28/03/2020 13:56:23</tanggalFetch><judul>Atasi Keong Emas</judul><author>by Admin</author><isi>Atasi Keong Emas
Filed in organik, Rubrik Tetap by Admin on 12/12/2017
Keong mas Pomacea canaliculata menyebabkan petani padi gagal panen. Mahasiswa Fakultas Pertanian Universitas Sumatera Utara, Armani Simangunsong, menemukan solusi baru mengatasi keong emas. Ia memanfaatkan daun kipahit Tithonia diversifolia berdasarkan informasi petani di Tanahkaro, Sumatera Utara. Para petani menganggap kipahit itu gulma dan menebangnya. Daun-daun tanaman itu berjatuhan di sawah. Keesokan harinya puluhan keong emas ditemukan mati di sekitar kipahit. Menurut Simangunsong dosis daun kipahit 1.200 kg kering per ha dengan tingkat kematian keong emas mencapai 85%. Kipahit mengandung saponin, polifenol, dan flavonoida yang dapat mematikan keong emas. ***
Baca Juga
Musuh Keong Mas
Mimbar Pembaca Edisi Desember 2019
Tembakau Usir Keong Mas
Beras Tanpa Kutu
Kenikir Atasi Ulat Kubis
Cegah Tikus di Ladang Jagung
Durian untuk Kecoak
Daun Sirih Basmi Jentik Nyamuk
Brotokol Usir Tikus
Mengusir Hama Sawi</isi></data>