<?xml version='1.0' encoding='utf-8'?>
<data><tanggalPost>on 25/06/2019</tanggalPost><tanggalFetch>28/03/2020 11:45:34</tanggalFetch><judul>Australian Tour &amp; Farm Visit</judul><author>by admin trubus</author><isi>Australian Tour &amp; Farm Visit
Filed in Tour by admin trubus on 25/06/2019
Australia, 4—9 Agustus 2019
Australia dikenal dengan pertanian komersialnya di lahan yang luas. Hingga kini Australia sudah mengekspor hasil-hasil pertanian ke berbagai negara, terutama di Asia. Australia terus menerus mengujicobakan cara produksi baru dalam bidang pertanian, salah satunya pohon asli Australia yaitu makadamia yang sekarang menjadi industri baru yang berhasil. Kemajuan tersebut dapat disaksikan di pameran Agro Expo 2019. Pameran tersebut akan dilaksanakan pada awal Agustus 2019.
Mau tahu bagaimana serunya pameran di Australia?
Daftarkan diri Anda ke Trubus.
Kunjungan khusus :
Brisbane Green Expo 2019
Kunjungan :
Pembibitan grosir komersial yang memasok stok tanaman berkualitas
Pembibitan Macadamia
Pembibitan buah tropis
Pembibitan tanaman hias
Koala sanctuary
Brisbane river cruise
Biaya : Rp12.900.000
Termasuk: Akomodasi 4 malam di Hotel Mantra Legends &amp; Hotel Ibis atau setaraf, transport selama tour, konsumsi sesuai itinerary, tiket masuk yang disebutkan di program, tip pemandu dan supir, dan suvenir.
Tidak termasuk: Tiket by Qantas, visa Australia, dan pengeluaran pribadi.
Keterangan lebih lanjut hubungi: Dian
Telp. 021-874 22 20, 874 55 11, 874 55 99, WA/HP. 0813 1603 4009 Faks. 021-874 37 27 E-mail: pelatihan@trubus-online.co.id
Pembayaran, transfer ke BCA Cab. Samanhudi a.n. Trubus Swadaya No. rekening 477 00 999 81.
Baca Juga
Manusia dan Anjing Berbagi Air
Dua Sisi Jakaranda
Mimbar Pembaca Edisi Desember 2019
Pasar Minta Madu Trigona
Memacu Tumbuh Bibit Sawit
Taiwan Smart Agro Expo
Ke Mal Berwisata Bawah Laut
JEJU CITRUS TOUR
Anggur Baru Australia
Fokus Empat Spesies</isi></data>