<?xml version='1.0' encoding='utf-8'?>
<data><tanggalPost>24 January </tanggalPost><tanggalFetch>28/03/2020 22:41:40</tanggalFetch><judul>Ayo Beraksi Iklim Sekarang Juga</judul><author>-</author><isi>Awal Januari lalu Hijauku.com melaporkan, tahun 2016 memecahkan rekor sebagai tahun terpanas. Kenaikan suhu bumi kini mendekati 1,5°C dari masa pra-industri. Dalam data terbaru C3S (Copernicus Climate Change Service), yang menjadi bagian dari proyek Copernicus, program observasi bumi dari Uni Eropa, suhu tertinggi pada 2016 mencapai 14,8°C atau 1,3°C lebih tinggi dibanding tahun-tahun awal abad ke-18.
Tahun terpanas sebelumnya adalah tahun 2015. Suhu di tahun 2016 0,2°C lebih tinggi dibanding 2015. Kesimpulannya, batas kenaikan suhu bumi 1,5 derajat Celcius sebentar lagi terlampaui. Semua data ilmiah tersebut memicu aksi 40 walikota dunia untuk atasi perubahan iklim. Apakah Anda bersama mereka? Mari bergabung ciptakan kota yang sehat, aman dan bersih.
Redaksi Hijauku.com</isi></data>