<?xml version='1.0' encoding='utf-8'?>
<data><tanggalPost>on 12/10/2017</tanggalPost><tanggalFetch>28/03/2020 14:12:41</tanggalFetch><judul>Bagus untuk Hipertensi</judul><author>by Admin</author><isi>Bagus untuk Hipertensi
Filed in info sehat, Rubrik Tetap by Admin on 12/10/2017
Tekanan darah tinggi salah satu pemicu berbagai penyakit mematikan, seperti strok dan serangan jantung. Untuk mengatasinya silakan mengonsumsi 100 g jus mentimun. Riset ilmiah peneliti dari Universitas Darul ‘Ulum, Jombang, Jawa Timur, Zauhani Kusnul, Zainal Munir, Bahrul Ulum, membuktikan jus mentimun ampuh mengatasi hipertensi. Itu teruji secara ilmiah melalui penelitian yang melibatkan 20 lanjut usia di UPT Pelayanan Sosial Lanjut Usia di Kabupaten Jombang, Jawa Timur. Hasilnya, tekanan darah para lansia turun signifikan pada 2 jam setelah mengonsumsi jus 100 g mentimun.*** 
Baca Juga
Kulit Semangka Rasa Mentimun
Garam Kawan Penderita Hipertensi
Tempe Atasi Hipertensi
Pupia Turunkan Darah Tinggi
Normalkan Hipertensi
Jambu Mete Andal Atasi Hipertensi
Rumput Laut Atasi Hipertensi
Cara Lezat Atasi Hipertensi
Biskuit Okra
Mimbar Pembaca Edisi Desember 2019</isi></data>