<?xml version='1.0' encoding='utf-8'?>
<data><tanggalPost> 7 bulan ago</tanggalPost><tanggalFetch>28/03/2020 22:21:25</tanggalFetch><judul>Bahaya bulu kucing </judul><author>Altarra</author><isi>Bahaya Bulu Kucing – Ada banyak jenis-jenis kucing yang umumnya menjadi hewan peliharaan, salah satu diantaranya yang kita kenal adalah jenis Anggora dan Persia. Dahulu orang memelihara kucing untuk digunakan menangkap tikus, namun seiring perkembangan zaman kebanyakan mereka memelihara kucing karena pola tingkah laku dan tampilan hewan tersebut yang sangat lucu dan menggemaskan.
Dibalik tingkahnya yang lucu dan menggemaskan, ternyata memelihara kucing juga dapat menimbulkan resiko bagi si pemelihara. Salah satunya adalah yang ditimbulkan dari bahaya bulu kucing itu sendiri.
Kucing adalah salah satu jenis hewan mamalia sekaligus karnivora dan sering juga disebut kucing domestik atau kucing rumah. Kucing merupakan Hewan dengan naluri dasar nomaden yang artinya kucing bukanlah hewan yang senang menetap pada satu tempat saja atau selalu berpindah dari satu tempat ke tempat lainnya.
Hal ini sangat berbeda dengan beberapa jenis burung yang membuat sarang lalu kemudian menetap pada sarangnya. Kucing merupakan hewan peliharaan terpopuler banyak orang pada saat ini. Apalagi dengan beragam jenis kucing yang ditawarkan, hal ini membuat sebagian orang betah berlama-lama bermain dengannya. 
Siapa yang menyangka ternyata hewan mamalia yang lucu sekaligus menggemaskan tersebut dapat menimbulkan berbagai bahaya yang disebabkan dari bulu-bulunya. Bahaya bulu kucing biasanya disebabkan oleh tingkah laku dari mamalia tersebut yang terlalu aktif dan sering bermain di luar ruangan bahkan ditempat-tempat yang kotor, sehingga memungkinkan bulunya dihinggapi atau terkontaminasi oleh berbagai jenis bibit penyakit.
Salah satu bahaya yang dapat ditimbulkan yaitu kurap, hydrocephalus, demam, memar, penyakit kuning, pembesaran hati, diare kronis, penglihatan terganggu, kemandulan, radang paru-paru, rabies, toxoplasma, asma, alergi, bahkan bagi wanita hamil dapat menyebabkan beberapa kasus keguguran sampai dengan melahirkan bayi dalam keadaan cacat fisik. Tentu masih banyak lagi yang belum kita ketahui apa saja bahaya lain yang dapat ditimbulkan.
Sebagai pecinta kucing tentu kita tidak mau mengalami efek yang timbul dari bulu kucing tersebut. Dari sekian banyak bahaya yang ditimbulkan, tentu itu semua dapat di cegah dengan berbagai macam jenis perawatan intensif. Menjaga kebersihan dan kesehatan kucing adalah salah satu hal yang wajib jika kita ingin memeliharanya. 
Dengan perawatan yang baik ini tentu dapat meminimalisir atau bahkan menghindari parasit yang terbawa oleh mamalia tersebut. Perawatan inilah yang pada akhirnya membedakan antara kucing liar yang kerap membawa parasit dengan kucing peliharaan yang senantiasa terjaga keamanannya bagi kesehatan. Ada beberapa hal yang dapat dilakukan untuk menjaga kebersihan dan kesehatan hewan tersebut.
Persiapan Antisipasi Bahaya Bulu Kucing
1. Menyediakan tempat untuk pup kucing
Menyediakan Litterbox guna kucing buang air merupakan cara yang sangat baik untuk meminimalisir tersebarnya virus yang dihasilkan oleh kucing, karena seperti yang kita ketahui bahwa virus paling banyak dibawa oleh Kotoran kucing dan bukan oleh bulu kucing.
Usahakan litterbox yang kalian berikan selalu dalam keadaan bersih karena ketika dalam keadaan kotor, itu malah bisa menyebabkan masalah baru, simplenya begini, ketika tempat buang airnya penuh lalu ada kucing ingin buang air disana, pastinya mereka akan berdiri ditempat yang banyak kotorannya sehingga bulu dan kakinya akan bisa terkena kotoran yang notabennya membawa banyak virus.
2. Memberikan Vaksin
Vaksin disini memiliki fungsi yang sangat penting karena vaksin kucing dapat membuat daya tahan tubuh dari binatang satu ini selalu terjaga, selain itu juga bisa mencegah peliharaan kita menularkan penyakit kepada manusia, sehingga kamu akan selalu aman meskipun berada didekatnya karena tidak adalah deh bahaya bulu kucing yang menghampiri.
Vaksin pada kucing ada banyak jenisnya, dilakukan secara bertahap seperti imunisasi pad amanusia, setelah melakukan vaksinasi kamu akan mendapatkan semacam identitas vaksin yang tentunya akan menambah nilau dari peliharaanmu itu sendiri.
3. Memberikan makanan dan minuman yang sehat,
Bahaya bulu kucing sebenarnya tidak kepada apa yang mereka makan, bahaya bulu kucing lebih kepada kalau kamu menghirup bulu halusnya, lalu apa kaitannya bahaya bulu kucing dengan makanan dan minumannya? lihat uraiannya dibawah ini :
Jika kamu memberikan makanan dan minuman yang tidak sehat, kotoran yang dihasilkan oleh si kucing juga akan berkualitas rendah, ketika kotorannya berkualitas rendah, pastinya akan membawa bibit virus dan juga penyakit, nah karena kucing ini tipe binatang yang sangat resik terhadap tubuhnya dan juga teledor, ketika mereka buang air, seringnya bulunya malah terkena kotorannya, dan bulu tersebutlah yang berbahaya untuk kita.
4. Memandikan
Dalam merawat bulu dan kulit hewan tersebut, memandikannya merupakan salah satu solusi yang efektif untuk dilakukan agar dapat mencegah terjangkit dari kutu maupun jamur parasit pada mamalia ini.
Seperti yang kita ketahui bahwa bahaya paling besar pada kucing adalah ketika ada kotorannya yang terkena bulunya, salah satu pencegahannya yang paling efektif dan terbaik adalah dengan selalu memandikannya, karena dengan melakukan mandi terhadap kucing, kamu aman meminimalisir resiko ada kotoran yang menempel pada bulunya.
Setelah membaca artikel ini kami mengharapkan tidak ada lagi mitos bahwa bahaya bulu kucing terhadap manusia bisa berdampak langsung terhadap kesehatan dan juga sistem imun manusia, dalam pembahasan ini kami akan mencoba menjelaskan secara detail dan menangkis mitos yang sering beredar di masyarakat terkait bulu kucing.
Bahaya bulu kucing terhadap manusia itu tidak ada, namun beberapa orang mungkin akan peka terhadap yang namanya ekskresi pada kucing, ekskresi adalah sumber alergen yang dapat membuat seseorang menjadi gatal dan sesak nafas.
Walaupun tidak ada penyakit yang disebabkan oleh bulu kucing, namun kami tetap menyarankan untuk selalu melakukan perawatan untuk kucing seperti rutin memandikan, melakukan sisir guna menghilangkan bulu mati serta membersihkan air liurnya guna menghindari sesuatu yang tidak diinginkan.
Cara bersahabat dengan bulu kucing dengan aman
Ketika kucing kamu hendak merontokan bulunya disofa atau di sweater kalian, kami menyarankan kalian untuk menggunakan solasi atau perekat untuk menariknya kembali, struktur dari bulu kucing yang mudah menyatu dengan katun tidak bisa dibersihkan dengan hanya diusap saja.
Jika kamu bertanya bagaimana caranya menghentikan kerontokan bulu pada kucing, jawabannya sangat sulit, namun kamu bisa mengurangi kerontokan dengan cara yang pertama adalah memberinya makanan kucing dengan kandungan protein yang bagus untuk bulu serta dengan rutin melakukan sisir guna mengangkat bulu mati dan yang terakhir adalah dengan menjaga suhu ruangan agar tetap dingin.
Beberapa kucing tidak memerlukan intensitas mandi yang cukup sering, kucing tersebut diantaranya adalah kucing colorpoint shorthair, kucing javanese, kucing savanah, kucing bengal, hal tersebut karena struktur dari bulu kucing-kucing diatas pendek dan tidak bermantel ganda, sehingga ketika sering dimandikan justru akan berbahaya dengan kesehatan si kucing. Sedangkan seperti kucing persia, kucing siam dan kucing norwegian forrest membutuhkan mandi yang lebih sering, setidaknya dua minggu sekali.
Bahaya Bulu kucing untuk manusia
Bulu kucing adalah bagian tubuh dari kucing yang paling sering dijadikan alasan atas kesalahan sebuah penyakit pada manusia, namun faktanya bulu kucing malah memiliki kekebalan imun terhadap bakteri dan virus, tak hanya bulu kucing, liur kucing juga memiliki kandungan yang bisa menangkal adanya virus dan bakteri.
Satu satunya bagian yang paling banyak mengandung bakteri dan virus dari kucing adalah kotoran atau feses dari kucing, didalam feses kucing terdapat bakteri dan virus mematikan yang salah satunya adalah tokso dan beberapa virus lain yang dapat membuat penundaan kehamilan pada manusia.
Untuk mencegah adanya feses yang berbahaya pada kucing baiknya kalian untuk memberikan makan yang cukup baik, karena membiarkan mereka makan makanan yang ada dijalanan hanya akan membuat fesesnya menjadi tidak berkualitas dan penuh akan penyakit.
Tips menghindari alergi bulu kucing bagi pengidap asma
Beberapa orang yang mempunyai penyakit asma dan sinus mungkin akan lebih sensitif terhadap alergi pada bulu kucing, kami memiliki saran untuk kalian tidak membiarkan kucing kalian tidur dikasur yang sama dengan orang rumah, jangan pula biarkan kucing kalian untuk bermain pada litter box kucing yang kotor.
Tips lain bagi kamu yang memiliki penyakit asma dan juga sinus adalah dengan tidak mencium atau menghirup bulu kucing dari jarak yang dekat karena bulu yang terhidup bisa menjadi trigger asma yang kambuh. Jika kamu melakukan perawatan yang benar dan juga melakukan interaksi yang benar, walaupun kamu mempunyai penyakit sinus dan asma sepertinya bukanlah sebuah masalah yang cukup serius, karena hal tersebut bisa dilewati dengan disiplin.</isi></data>