<?xml version='1.0' encoding='utf-8'?>
<data><tanggalPost>-</tanggalPost><tanggalFetch>28/03/2020 09:56:52</tanggalFetch><judul>Bahaya Memberi Pakan Pelet Pada Ikan Cupang</judul><author>-</author><isi>Mungkin banyak orang belum tahu bahwa ikan cupang atau betta mempunyai kelebihan khusus selain warna yang menarik yakni kemampuannya bertahan hidup. Bahkan ada anggota komunitas yang bilang ikan cupang mampu hidup selama seminggu tanpa adanya makanan yang dimakan.
Tapi tentu hal tersebut mempunyai efek buruk pada ikan betta yakni hilangnya bagian ekor karena habis termakan untuk bertahan hidup.
Daftar Isi
Pakan Pelet Untuk Ikan Cupang
Dari berbagai pilihan makanan tentu mempunyai kelebihan dan kekurangan masing-masing. Pada dasarnya pakan terbaik untuk ikan cupang berupa makanan hidup seperti cacing darah, jentik nyamuk dan kutu air.
Namun tentu saja pakan hidup tidak selalu ada, walaupun sebenarnya pakan juga bisa dikembang biakkan. Sehingga banyak para breeder yang memilih jalan pintas yakni memberi pakan pelet halus pada ikan cupang.
Pakan Pelet Ikan Cupang Yang Baik
Banyak yang menduga semua jenis pelet dapat diberikan pada ikan cupang, Namun hal tersebut tentu tidak benar. Dari segi ukuran ikan cupang yang kecil akan sangat beresiko jika memberikan jenis pelet ikan lele yang mempunyai tekstur keras dan besar.
Selain mulut ikan betta tidak muat memakan semua bagian pelet, sisa pelet akan mengotori dasar kolam dan meninggalkan bekas serta membuat aquarium menjadi keruh.
Jenis pelet terbaik untuk ikan cupang ada baiknya memilih yang berukuran kecil seperti pelet crystal yang telah terbukti mampu membuat corak ikan menjadi lebih indah dan menarik.
Resiko Memberi Pakan Pelet Pada Ikan Cupang
Makanan utama dan alami betta ialah pakan hidup yang berukuran kecil, lalu apakah pengaruh memberi pelet secara terus menerus pada ikan cupang?. Tentu hal tersebut berpengaruh, selain ikan menjadi kurang agresif ternyata terlalu sering memberi pakan pelet bisa membuat cupang menjadi stres.
Jadi ada baiknya untuk segera mengganti makanan ikan cupang jenis hidup. Berikut ini adalah beberapa bahaya lainnya jika sering memberi ikan cupang pakan pelet :
Tenaga yang dikeluarkan loyo atau kurang agresif,
Stres yang berkepanjangan.
Warna yang kurang mencolok dan menarik,
Rawan terkena serangan penyakit.
Dapat menyebabkan ikan terkena serangan jamur dan sisik nanas.
Bulu ekor rontok,
Air menjadi keruh / kurang bersih.
Kualitas air (PH) menjadi rendah,
Kadar Nitrat dan Amonia menjadi sangat tinggi.
Gangguan Pencernaan,
Pertumbuhan Algae  Berlebih.
Cara Memberikan Pakan Pelet Pada Ikan Cupang
Setelah mengetahui bahaya serta jenis pelet terbaik untuk ikan cupang, mungkin ini merupakan sedikit tips agar dapat meminimalisir dampak dari pemberian pelet pada ikan cupang.
Memberi Pelet Hanya Saat Terdesak
Karena resikonya yang sangat banyak, mungkin pecinta cupang akan berpikir dua kali untuk memberikan pelet pada ikan kesayangannya. Jadi ada baiknya jika merasa masih ada waktu dan tahu tempat jual beli khusus ikan hias, bisa membeli cacing darah.
Hampir seluruh took ikan hias menjual cacing darah karena pakan ini sangat digemari oleh berbagai jenis ikan berukuran kecil salah satunya cupang.
Memberi Sesuai Takaran
Untuk meminimalisir agar tidak meninggalkan sisa pelet yang tidak termakan sebaiknya memberi takaran sesuai jumlah ikan dalam aquarium.
Jika terlanjur berlebih maka segera angkat sisa pelet dari aquarium, serta usahakan pelet tidak melunak karena dapat menyebabkan aquarium menjadi keruh dan kurang sehat bagi kesehatan ikan.
Memberi Pakan Pelet Berukuran Kecil
Gunakan hanya pelet khusus untuk ikan hias berjenis kecil. Untuk hal ini bisa dikonsultasikan dengan penjual pakan ikan karena banyak jenis dan macamnya.
Tanyakan juga tentang apa saja efek pelet tersebut bagi ikan betta , apakah membuat corak warna menjadi lebih terang ataukah menjadikan cupang semakin giras dan agresif.
 Terkait Dengan
Pelet Yang Baik Untuk Ikan Cupang</isi></data>