<?xml version='1.0' encoding='utf-8'?>
<data><tanggalPost>on 07/12/2019</tanggalPost><tanggalFetch>28/03/2020 11:07:53</tanggalFetch><judul>Baju Bersih Berkat Mahoni</judul><author>by admin trubus</author><isi>Baju Bersih Berkat Mahoni
Filed in riset, Rubrik Tetap by admin trubus on 07/12/2019
Pohon mahoni Swietenia macrophylla mampu menyerap polusi udara. Buahnya berkhasiat untuk berbagai penyakit. Periset dari Jurusan Pendidikan Kimia Universitas Sebelas Maret, Mela Yuliyanti dan rekan-rekan menemukan manfaat lain pohon yang banyak tumbuh di tepi jalan itu. Mela dan tim mengolah biji mahoni menjadi detegjen cair. Ekstrak biji tanaman anggota keluarga Meliaceae itu mengandung flavonoid, tanin, dan saponin. Periset memanfaatkan saponin sebagai agen pembusa alami sehingga dapat terurai secara alami. Flavonoid memiliki akivitas antibakteri yang kuat terhadap Staphylococcus aureus.
Baca Juga
Mimbar Pembaca Edisi Desember 2019
Papan dari Serbuk Kelapa
Sabun Cair Daun Jati
Ngengat Flores Barat
Musuh Sel Kanker
Prediksi Kedaluwarsa
Telang Musuh Kanker
Tahu Awet
Daun Avokad Antibakteri
Pot Kelapa Sawit</isi></data>