<?xml version='1.0' encoding='utf-8'?>
<data><tanggalPost>on 12/02/2019</tanggalPost><tanggalFetch>28/03/2020 12:15:14</tanggalFetch><judul>Bakteri Produsen Vanilin</judul><author>by admin trubus</author><isi>Bakteri Produsen Vanilin
Filed in riset, Rubrik Tetap by admin trubus on 12/02/2019
Tidak selamanya vanilin—senyawa penghasil aroma dan rasa vanili—berasal dari polong vanili Vanilla planifolia. Musababnya rasa dan aroma tersusun dari komponen-komponen kimia aktif yang dapat dibuat di laboratorium menggunakan mikroorganisme. Riset teranyar mengungkapkan, bakteri tanah Pseudomonas sp. strain ISPC2 mampu memetabolisme isoeugenol dari minyak cengkih menjadi vanilin berjumlah banyak dan ekonomis. Hasil riset Ashengroph, Nahvi, dan Eshafani dari Departmen Mikrobiologi, University of Isfahan, Iran, itu penting bagi industri pangan lantaran makin sulit memperoleh vanili di alam dan harganya pun relatif mahal.
Baca Juga
Luar Negeri Mencari Vanili
Bikin Vanilin Meninggi
Melambung Laba Polong Harum
Aroma Parfum Alami
Vanili : Harga Meroket Rp4 Juta/kg
Aral Vanili Tiada Akhir
Rosemari Jaga Daya Ingat
Tanam Rapat Panen Berlipat
Usir Bakteri Mulut
Karena Vanili Perlu Sandaran</isi></data>