<?xml version='1.0' encoding='utf-8'?>
<data><tanggalPost>9 January </tanggalPost><tanggalFetch>28/03/2020 22:42:23</tanggalFetch><judul>Balita Paling Rentan Polusi Udara</judul><author>-</author><isi>Anak-anak balita (bawah usia lima tahun) adalah kelompok yang paling rentan terkena dampak polusi udara. Polusi udara menyebabkan infeksi saluran pernafasan. Dari 2 juta kematian prematur setiap tahun akibat infeksi pernafasan, 800.000 diantaranya dialami anak-anak di bawah usia 5 tahun.
Jenis polusi udara paling berbahaya adalah PM 2.5. PM 2.5 adalah partikel yang berukuran hingga 2.5 mikron. Jenis polusi ini bisa masuk dalam aliran darah memicu infeksi dan berbagai macam penyakit. Indonesia belum memiliki standar dan sistem untuk memantau polusi PM2.5 ini. Waspada polusi udara, untuk kesehatan dan kecerdasan anak-anak kita pada masa kini dan masa datang.
Redaksi Hijauku.com</isi></data>