<?xml version='1.0' encoding='utf-8'?>
<data><tanggalPost>on 12/02/2020</tanggalPost><tanggalFetch>28/03/2020 10:42:01</tanggalFetch><judul>Bandotan Musuh Nyamuk</judul><author>by admin trubus</author><isi>Bandotan Musuh Nyamuk
Filed in organik, Rubrik Tetap by admin trubus on 12/02/2020
Beragam merek pengusir nyamuk Aedes aegypti penyebab demam berdarah dengue (DBD) beredar di pasaran. Wiwiek Dwi Sekar Sari dari Program Studi Ilmu Kesehatan Masyarakat Universitas Sumatera Utara, Kota Medan, memanfaatkan daun babadotan Ageratum conizoides untuk mengusir A. aegypti. Wiwiek menyemprotkan larutan ekstrak daun bandotan yang diencerkan di area luar rumah. Konsentrasi ekstrak 40% mampu menumpas habis nyamuk. Daun tanaman anggota famili Asteraceae itu mengandung senyawa kimia seperti alkaloid, saponin, flavonoid, dan minyak asiri sebagai insektisida nabati.
Baca Juga
Mimbar Pembaca Edisi Desember 2019
Stroberi Awet Sepekan
Mengusir Hama Sawi
Pacu Pertumbuhan Sawi
Ampuh Usir Kecoak
Beras Tanpa Kutu
Daun Pelindung Terung
Durian Atasi Nyamuk
Daun Sirih Basmi Jentik Nyamuk
Durian untuk Kecoak</isi></data>