<?xml version='1.0' encoding='utf-8'?>
<data><tanggalPost>24 October </tanggalPost><tanggalFetch>28/03/2020 22:49:05</tanggalFetch><judul>Bangun Kota untuk Kaum Difabel</judul><author>-</author><isi>Jika ingin merancang dan membangun kota dengan baik, rancanglah kota bagi mereka, sahabat-sahabat kita yang menyandang disabilitas. Dengan memerhatikan keperluan mereka, secara otomatis kelompok yang lain juga akan terlayani. Bagaimana pembangunan di kota Anda? Satu lagi ide yang layak untuk jadi bahan diskusi.
Redaksi Hijauku.com</isi></data>