<?xml version='1.0' encoding='utf-8'?>
<data><tanggalPost>on 09/01/2020</tanggalPost><tanggalFetch>28/03/2020 10:56:49</tanggalFetch><judul>Banyak Cara Menikmati Minyak Dara</judul><author>by admin trubus</author><isi>Banyak Cara Menikmati Minyak Dara
Filed in Laporan khusus, Majalah by admin trubus on 09/01/2020
Beberapa orang enggan mengonsumsi minyak kelapa murni atau virgin coconut oil (VCO) secara langsung. Meskipun mereka mengetahui beragam khasiat VCO. Menenggak VCO menjadi pilihan terakhir. Sebetulnya itu bukan satu-satunya cara menjemput khasiat VCO. Menurut Manajer Pemasaran dan Keuangan CV Sumber Rejeki, Muhammad Nur Azis, VCO bisa dinikmati dengan berbagai cara tanpa khawatir khasiatnya hilang.
Salah satu konsumen Azis memanfaatkan VCO yang menggumpal sebagai selai di atas roti. Ada juga konsumen yang memasukkan dua sendok makan VCO ke dalam sayur lodeh. Cara lain masukkan 2—3 sendok makan VCO ke dalam alat penanak nasi. “Rasanya seperti nasi uduk,” kata Azis. Sementara konsumen Azis di Malaysia dan London, Inggris, menikmati hangatnya kopi yang dicampur 2 sendok VCO.
Sejatinya penggunaan VCO dalam makanan dan minuman bukanlah barang baru. Banyak hotel, restoran, dan kafe (horeka) konsumen Coco Waka yang mengandalkan VCO sebagai campuran makanan dan minuman. Coco Waka adalah produk VCO bikinan PT Kelapa Wakatobi Sejahtera. Jadi, ayo rasakan manfaat minyak perawan sesuai selera. (Riefza Vebriansyah)
Baca Juga
Minyak Dara Bersalin Rupa
Geliat Bisnis Minyak Perawan
Lemak Sehat untuk Diet Ketogenik
Panen Minyak dengan Kejut Listrik
Kendala Berniaga Kelapa
Bukti VCO Jaga Stamina
Lemak Versus Tifus
Lemak Pelindung Jantung
Mimbar Pembaca Januari 2018
VCO: Minyak Dara Antialergi</isi></data>