<?xml version='1.0' encoding='utf-8'?>
<data><tanggalPost>on 13/06/2019</tanggalPost><tanggalFetch>28/03/2020 11:49:39</tanggalFetch><judul>Basmi Puru Akar</judul><author>by admin trubus</author><isi>Basmi Puru Akar
Filed in organik, Rubrik Tetap by admin trubus on 13/06/2019
Nematoda Meloidogyne spp. penyebab puru akar menurunkan produksi tomat, buncis, atau cabai. Periset di Fakultas Pertanian, Universitas Brawijaya, Karisma Aditya Wardani memanfaatkan daun salam koja untuk membasmi Meloidogyne spp. Ekstrak daun Murraya koenigii dengan konsentrasi 12% membasmi 71% telur penyebab puru akar dalam 10 hari. Konsentrasi sama juga memberantas 100% juvenil II—larva berumur 10 hari setelah menetas—21 jam pascaaplikasi. Kandungan alkaloid, flavonoid, tanin, dan saponin menghambat penetasan telur serta bersifat racun perut.
Baca Juga
Pukul Empat Pukul Virus
Kontrol Kutu Daun
Hidroponik : Atasi Penggerus Laba
Bendera Kuning untuk Kutu Putih
Kutu Putih Mati Kutu
Ancaman Ulat Tentara
Bakso Awet
Kenikir Atasi Ulat Kubis
Mimbar Pembaca Edisi Desember 2019
Serai Basmi Bulai</isi></data>