<?xml version='1.0' encoding='utf-8'?>
<data><tanggalPost>on 11/08/2018</tanggalPost><tanggalFetch>28/03/2020 12:51:19</tanggalFetch><judul>Batasi Karamba di Danau Toba</judul><author>by admin trubus</author><isi>Batasi Karamba di Danau Toba
Filed in Peristiwa by admin trubus on 11/08/2018
Pusat Penelitian Limnologi-Lembaga Ilmu Pengetahuan Indonesia (LIPI) mengkaji daya dukung ekosistem Danau Toba melalui pendekatan yang lebih sistemik. Caranya dengan menyimulasikan interaksi komponen-komponen fisik, kimia, biologi, dan meteorologi penyusun ekosistem Danau Toba. Hasil kajian menunjukkan, keramba jaring apung mempengaruhi kualitas air Danau Toba. Oleh karena itu, tim peneliti menyimpulkan sebaiknya hanya ada 543 petak karamba jaring apung dengan asumsi produksi ikan 1.430 ton per tahun. Dengan begitu kualitas air Danau Toba pada kondisi baik (oligotrofik). Kepala Pusat Penelitian Limnologi LIPI, Fauzan Ali, berharap hasil kajian dapat mendukung pemerintah pusat dan daerah dalam usaha perbaikan kualitas air Danau Toba dalam mendukung iklim investasi pariwisata.
Baca Juga
Bikin Elok di Balik Kaca
Pasar Ingin Lemon Kalifornia
Tanam Tiram Organik
Edelweis Turun Gunung
Parade Tabulampot Gres
Panen Jeruk Sadu Bermutu
Membidani Ratu Daun Terbaik
Herbal dan Minyak Bersatu
Kima Makin Merana
Juragan Robusta di Sentra Arabika</isi></data>