<?xml version='1.0' encoding='utf-8'?>
<data><tanggalPost>on 19/02/2020</tanggalPost><tanggalFetch>28/03/2020 10:38:44</tanggalFetch><judul>Batu Bata dari Gabus</judul><author>by admin trubus</author><isi>Batu Bata dari Gabus
Filed in agrineka by admin trubus on 19/02/2020
Penggunaan stirofoam atau gabus masih marak. Padahal limbahnya tidak dapat didaur ulang. Nilai ekonomisnya pun hampir tidak ada. Klinik sampah Kertabumi berhasil menciptakan batu bata atau conblock yang berbahan dasar gabus bekas. Meskipun tidak sekuat batu bata asli, setidaknya dapat digunakan sebagai bahan dasar pembuatan bangunan sederhana. Harapannya pengolahan itu dapat menekan pencemaran akibat bahan kimia berbahaya yang terkandung dalam stirofoam.
Baca Juga
Pilih Induk Gabus
Mimbar Pembaca Juli 2018
Peluang Pasar Besar Ikan Gabus dari Pembenihan hingga Pembesaran
Besar Karena Hawar
Aral Beternak Gabus
Gabus Bagus Atasi Hipertensi
Sukses Pijahkan Gabus
Tubuh Butuh Albumin
Albumin Gabus Tumpas Diabetes
Pasar Bagus Gabus Ternak</isi></data>