<?xml version='1.0' encoding='utf-8'?>
<data><tanggalPost>on 04/03/2018</tanggalPost><tanggalFetch>28/03/2020 13:40:58</tanggalFetch><judul>Batu di Pangkal Pohon</judul><author>by Admin</author><isi>Batu di Pangkal Pohon
Filed in Rubrik Tetap, tip tanaman hias by Admin on 04/03/2018
Lazimnya wadah di taman adalah batu bata atau beton yang mengelilingi pohon. Namun, taman di Bank CБEP (baca CBEP, red), Kota Moskow, Rusia, memanfaatkan batu-batuan oval sebesar kepalan tangan sebagai pengganti beton. Perancang taman memanfaatkan besi British Reinforced Concrete (BRC) ukuran 5 mm sebagai rangka selebar 20 cm melingkari pohon. Perancang taman kemudian memasukkan batu-batu pipih dalam rangka dan menyusun rapi sehingga membentuk wadah. Di dalam wadah batu itu dimasukkan potongan kulit kayu dan serasah daun sebagai media tumbuh tanaman. Wadah pun tampil artistik dan menambah keindahan taman.***
Baca Juga
Mimbar Pembaca Edisi Desember 2019
Lotus Kian Elok
Musim Hujan, Anthurium Prima
Suvenir Aromaterapi
Media Tanam Encephalartos
Alokasia Macet Daun
Media Tepat Hoya
Media Tanaman Gantung
Bunga Bokor Sempurna
Ubi Jalar Nutrisi Anggrek</isi></data>