<?xml version='1.0' encoding='utf-8'?>
<data><tanggalPost>on 10/03/2020</tanggalPost><tanggalFetch>28/03/2020 10:26:42</tanggalFetch><judul>Bau Mulut Sirna</judul><author>by admin trubus</author><isi>Bau Mulut Sirna
Filed in riset, Rubrik Tetap by admin trubus on 10/03/2020
Permasalahan di rongga mulut kerap menjadi penyebab bau mulut. Akibatnya percaya diri berkurang. Fidhatul Fajrika dan rekannya dari Universitas Brawijaya mengombinasikan biji pepaya dan propolis menjadi semprotan antibau mulut. Mereka memberi nama B-Spray. Kedua bahan alami itu mengandung flavonoid yang bekerja sebagai antibakteri, antivirus, antiinflamasi, dan antioksidan. Penggunaan semprotan mulut antiseptik alami itu salah satu tindakan preventif untuk mengatasi bau mulut.
Baca Juga
Mimbar Pembaca Edisi Desember 2019
Ke Mal Berwisata Bawah Laut
Pasar Minta Madu Trigona
Pepaya Pacu ASI
Memacu Tumbuh Bibit Sawit
Biji Pepaya Atasi Diare
Mimbar Pembaca Februari 2017
Pepaya Cerahkan Kulit
Cincin Maut Mengancam Pepaya
Terpikat Laba Merah Delima</isi></data>