<?xml version='1.0' encoding='utf-8'?>
<data><tanggalPost>8 January </tanggalPost><tanggalFetch>28/03/2020 22:42:28</tanggalFetch><judul>Bauran Energi Terbarukan di Indonesia</judul><author>-</author><isi>Dibandingkan potensinya yang sangat besar, bauran penggunaan energi terbarukan di Indonesia menurut data IRENA masih sangat minim, 2%. Sementara eksploitasi sumber daya alam terus merusak lingkungan yang bisa menjadi sumber-sumber energi alternatif, seperti hutan dan daerah aliran sungai yang mendukung pengembangan pembangkit listrik tenaga air.
Selain PLTA, Indonesia juga berpotensi kembangkan energi surya dan panas bumi. Di sejumlah negara sudah mulai dibangun energi terbarukan berbasis komunitas yang menggabungkan “pembangkit-pembangkit kecil” untuk memasok kebutuhan masyarakat. Selalu ada solusi untuk bumi yang lebih damai dan bestari. Salam literasi.
Redaksi Hijauku.com</isi></data>