<?xml version='1.0' encoding='utf-8'?>
<data><tanggalPost>on 09/09/2019</tanggalPost><tanggalFetch>28/03/2020 11:28:40</tanggalFetch><judul>Bawang untuk Kutu Putih</judul><author>by admin trubus</author><isi>Bawang untuk Kutu Putih
Filed in Rubrik Tetap, tip tanaman hias by admin trubus on 09/09/2019
Hama tanaman dalam ruangan yaitu kutu putih. Kendalikan hama dengan rutin membersihkan daun. Seka seluruh permukaan daun tanaman sampai bersih dari kutu, lalu semprotkan cairan bawang putih. Lumatkan lima siung umbi bawang putih, lalu larutkan dalam 1 liter air bersih, aduk rata, dan semprotkan. Jika populasi kutu terlalu banyak sebaiknya daun dipangkas saja. Tanaman akan kembali bertunas.
Baca Juga
Krisan Awet 27 Hari
Sedap Malam Segar 9 Hari
Sikat Sikas Agar Sehat
Kilapkan Daun Aglaonema
Media Tanam Encephalartos
Sukses Setek Sedum
Media Tanaman Gantung
Tempurung Pot Nyentrik
Nutrisi Tanaman Hias
Adenium Berbunga Serempak</isi></data>