<?xml version='1.0' encoding='utf-8'?>
<data><tanggalPost>on 12/07/2018</tanggalPost><tanggalFetch>28/03/2020 12:57:28</tanggalFetch><judul>Bawang Putih Musuh Cendawan</judul><author>by admin trubus</author><isi>Bawang Putih Musuh Cendawan
Filed in organik, Rubrik Tetap by admin trubus on 12/07/2018
Sclerotium rolfsii cendawan yang menyerang tanaman leguminosae seperti kedelai, kacang tanah, kacang hijau, dan buncis. Peneliti dari Balai Penelitian Tanaman Pemanis dan Serat, Supriyono, mengekstrak bawang putih untuk mengendalikan cendawan. Hasilnya, ekstrak bawang putih sebanyak 1—6% mampu menghambat perkembangan koloni cendawan sebesar 43—93,33% dan menghambat pembentukan badan mengeras oleh jamur sclerotia sebesar 31,4—76,79%.
Baca Juga
Seleksi Indukan Unggul
AGRO MILENIAL
Kado dan Umbi
Mereka Melirik Kopi Organik
Daun Pelindung Terung
Musuh Keong Mas
Pameran Lanskap Perkotaan
Parade Tabulampot Gres
Tiga Semangka Membuka Pasar
Herbal dan Minyak Bersatu</isi></data>