<?xml version='1.0' encoding='utf-8'?>
<data><tanggalPost>14 July 2018</tanggalPost><tanggalFetch>27/03/2020 23:12:16</tanggalFetch><judul>Begini Penampakan Kelinci Laut yang Fotogenik dan Lucu</judul><author>Anton Wisuda [Sitaro Sulut]</author><isi>Jika kita mendengar kata kelinci, yang terbayang dalam kepala kita tentu hewan lucu menggemaskan, berwarna putih, pemakan wortel, mempunyai dua telinga panjang, serta berloncatan kesana kemari di rerumputan.
Pikiran itu memang 100 persen benar, jika kita membayangkan tentang kelinci yang hidup di daratan. Tapi ternyata ada juga kelinci jenis lainnya. Hidupnya di lautan, yaitu nudibranchia atau sea rabbit.
baca : Asyiknya Melihat Warna-warni Kelinci Laut Padangbai
  Sepasang kelinci laut jenis Chromodoris kunei di perairan Padangbai, Bali. Foto : Anton Wisuda/Mongabay Indonesia
  Karena hidup di lautan, maka ada banyak perbedaaan kelinci darat dan kelinci laut ini. Selain hidupnya di lautan, kelinci laut merupakan satwa dengan kategori filum molusca dan kelas gastropoda. Sedangkan kelinci darat adalah hewan vertebrata (bertulang belakang) dan termasuk kelas mamalia.
  Sepasang kelinci laut berjenis Chromodoris annae di perairan Padangbai, Bali. Foto : Anton Wisuda/Mongabay Indonesia
  Di dunia ada sekitar 3000 jenis nudibranchia yang telah diketahui, dan banyak diantaranya sangat fotogenik dan diburu banyak pehobi foto underwater untuk diabadikan keberadaannya, karena mempunyai warna yang sangat cantik dan indah. Dan satu yang termasuk ke dalam golongan fotogenik itu adalah nudibranch bornella.
Tidak banyak penelitian ilmiah tentang si cantik ini, itu sebabnya, penjelasan biologi nudibranch jenis ini cukup minim ditemukan. Yang jelas, bornella sering ditemukan memangsa coral hydroid di dalam laut.
baca juga : Wow! Ada “Kelinci Laut” Imut dan Berbulu
  Bornella anguilla, salah satu kelinci laut (sea rabbit) atau nudibranch yang dijumpai di perairan Pulau Siau, Kabupaten Kepulauan Siau Tagulandang Biaro (Sitaro), Sulawesi Utara. Foto : Anton Wisuda/Mongabay Indonesia
  Kelinci laut yang satu ini, mempunyai corak dan bentuk tubuh yang sangat berbeda dengan tubuh nudibranchia lainnya. Selain berwarna-warni, tubuhnya juga terdapat banyak jari seperti cabang, serta di sekitar mulutnya juga terdapat tentakel-tentakel kecil, yang menambah keunikan si bornella ini. Selain itu, antenna di kepalanya yang menyerupai cabang pohon itu, membuatnya sekilas tampak seperti kijang mungil di dalam lautan.
baca : Siau, Surga Tersembunyi di Sulawesi Utara
  Bornella anguilla, salah satu jeni kelinci laut di Perairan Pulau Siau, Kabupaten Kepulauan Siau Tagulandang Biaro (Sitaro), Sulawesi Utara. Bornella anguilla merupakan salah satu jenis kelinci laut yang unik karena memiliki cabang seperti jari dan tentakel disekitar mulutnya yang berbeda dengan jenis kelinci laut lainnya. Foto : Anton Wisuda/Mongabay Indonesia
  Banyak ditemukan bersembunyi di bawah batu di dalam laut, nudibranch bornella tersebar di wilayah Indo Pasifik, termasuk di perairan nusantara. Walaupun, keberadaannya sendiri, tidaklah ada di semua lautan Indonesia. Ini mungkin karena bentuknya yang cukup mencolok, sehingga lebih menarik perhatian para predatornya dan manusia, untuk dijadikan penghuni aquarium. Nudibranch bornella hidup di kedalaman 1-20 meter saja, serta mempunyai panjang yang cukup bervariasi. Tetapi rata-ratanya adalah 1-5 cm saja.
  Bornella anguilla, salah satu jeni kelinci laut unik di Perairan Pulau Siau, Kabupaten Kepulauan Siau Tagulandang Biaro (Sitaro), Sulawesi Utara. Foto : Anton Wisuda/Mongabay Indonesia
  Sementara sebagian besar spesies Bornella dapat berenang dengan fleksi lateral tubuh mereka. Beberapa jenis bornella berenang bagaikan sebuah sebuah gelombang otot bergerak ke bawah tubuh untuk menghasilkan gerakan seperti belut.
Para pehobi fotografi underwater pastilah tidak akan pernah bosan untuk memotret sang fotogenic lautan ini. semoga keberadaannya akan selalu lestari dan terjaga dari tangan-tangan yang tidak bertanggungjawab, seperti reklamasi atau jaring pukat yang secara nyata menghancurkan habitat mereka.
baca juga : Ternyata, Ada juga Siput Laut yang Mirip Domba
  Bornella anguilla, salah satu jeni kelinci laut unik di Perairan Pulau Siau, Kabupaten Kepulauan Siau Tagulandang Biaro (Sitaro), Sulawesi Utara. Foto : Anton Wisuda/Mongabay Indonesia
  Artikel yang diterbitkan oleh Jay Fajar
Bali, Biota Laut, Ekologi Pesisir, Ekowisata, Featured, Perikanan Kelautan, Satwa Dilindungi, Satwa Laut, Sulawesi, Sulawesi Utara</isi></data>