<?xml version='1.0' encoding='utf-8'?>
<data><tanggalPost>on 09/03/2020</tanggalPost><tanggalFetch>28/03/2020 10:30:18</tanggalFetch><judul>Belang Menawan</judul><author>by admin trubus</author><isi>Belang Menawan
Filed in koleksi eksklusif by admin trubus on 09/03/2020
Sosok Philodendrom domesticum koleksi Iwan, pehobi tanaman hias di Kabupaten Bogor, Jawa Barat, amat memikat. Bentuk daunnya meruncing dan bergelombang di bagian tepi. Motif variegata kuning menghiasi daun yang hijau muda. Lazimnya domesticum berdaun hijau. Permukaan daun tanaman berukuran medium itu juga mengilap. Domesticum jenis philodendron yang adaptif di iklim tropis. Iwan membanderol philodendron istimewa itu sekitar Rp3 juta. (Andari Titisari)
Baca Juga
Potret Pasar Philo
Pasar Mengincar Monstera
Makin Belang Kian Mahal
Bisnis Philo dan Monstera Menggila
Belang Elok Daun Philo
Mangkuk Rp50 Juta
Miniatur Treebeard Berakar Emas
Pasar Minta Madu Trigona
Pesona Peperomia
Bintang Pujaan</isi></data>