<?xml version='1.0' encoding='utf-8'?>
<data><tanggalPost>on 22/12/2019</tanggalPost><tanggalFetch>28/03/2020 11:03:09</tanggalFetch><judul>Belaian Merangsang Liur</judul><author>by admin trubus</author><isi>Belaian Merangsang Liur
Filed in Eksplorasi, Majalah by admin trubus on 22/12/2019
Pakan kucing tinggi kalsium, cocok untuk bekicot.
Bayangkan mengambil liur dari bekicot. Bagaimana caranya? “Kami tidak mengajari petani cara brutal atau kejam untuk memperoleh liur,” kata periset di Departemen Zoologi Kasetsart University, Bangkok, Thailand, Dr. Pramote Chamnanpeun. Ia merujuk kepada video yang beredar di kanal berbagi tayang Youtube tentang pembuatan escargot bekicot ala Nigeria. Dalam video itu, bekicot dibekukan hidup-hidup agar tahan simpan. Sebelum dimasak, bekicot dikeluarkan dari lemari pembeku lalu direbus agar terpisah dari cangkang.
Bekicot yang mereka ternak itu hanya makan sayuran bersih maupun pakan kucing kering yang kaya kalsium. Ketika meriset, Pramote dan rekan-rekan kadang harus bermalam di laboratorium. Malamnya mereka kerap terbangun oleh suara kunyahan, ternyata bekicot mampu mengunyah pakan kucing itu meski tampaknya mereka tidak punya rahang atau gigi. Pemberian pakan yang bersih itu juga mereka ajarkan kepada petani agar mereka terhindar dari penyakit akibat parasit yang terbawa bekicot.
Kebersihan kandang sebuah keharusan lantaran proses pengambilan melibatkan sentuhan tangan. Mereka memegang bekicot dengan satu tangan lalu tangan satunya membelai bagian bawah kaki maupun bagian atas tubuh bekicot yang berada di luar cangkang. Hal itu mereka lakukan terus sampai keluar liur yang menetes atau diambil dengan pipet. Produksi liur itu tentu saja sangat sedikit, hanya 1 tetes (1 ml) per bekicot. (Argohartono Arie Raharjo/Peliput: Tamara Yunike)
Baca Juga
Liur untuk awet muda
Pasar Minta Madu Trigona
Memacu Tumbuh Bibit Sawit
Hikayat Dokter Pohon
Bunga Perindu Kelelawar
Tak Surut Jasa Lumut
Tradisi Panen Lemak Borneo
SAGU : LUMBUNG YANG TERSERAK
Rarak Penyembuh Luka
Citra Burung Gagak Pintar</isi></data>