<?xml version='1.0' encoding='utf-8'?>
<data><tanggalPost>on 07/02/2019</tanggalPost><tanggalFetch>28/03/2020 12:17:38</tanggalFetch><judul>Belajar Tanam Sereh Wangi</judul><author>by admin trubus</author><isi>Belajar Tanam Sereh Wangi
Filed in Peristiwa by admin trubus on 07/02/2019
Majalah Trubus menyelenggarakan pelatihan hasilkan minyak asiri dari komoditas sereh wangi di Hotel Amaris Pakuan, Bogor, Jawa Barat, pada 12 Januari 2019. Sebanyak 21 peserta dari berbagai wilayah di Indonesia antusias menyimak pemaparan teknik budidaya sereh wangi dari Cheppy Syukur, peneliti sereh wangi di Balai Penelitian Tanaman Obat dan Aromatik (Balittro) Bogor. Selain itu, Mimbar Ari Saputro dari PT Indesso Aroma juga menjelaskan pasar dan peluang bisnis minyak asiri baik di Indonesia maupun global. “Saat ini Indonesia memang menjadi salah satu eksportir terbesar. Pasar minyak asiri dapat sewaktu-waktu mencapai titik jenuh,” papar Mimbar. Kunjungan ke kebun produksi dan unit pengolahan minyak asiri di kaki Gunung Salak milik Cinta Bumi Nusantara melengkapi rangkaian pelatihan hari itu.
Baca Juga
Pelatihan Produksi Minyak Serai
Budidaya Udang Vannamei Air Tawar
Pelatihan Vanili
Kajian Pupuk Polisulfat
Pelatihan Hasilkan Minyak Asiri Komoditas Sereh Wangi
Kelas Menulis Kreatif Trubus
Budidaya Lele Padat Tebar
Kupas Tuntas Akuaponik
Diskusi Petani Muda
Meraup Untung Bisnis Kopi Dari Kebun hingga Kafe</isi></data>