<?xml version='1.0' encoding='utf-8'?>
<data><tanggalPost>on 10/08/2018</tanggalPost><tanggalFetch>28/03/2020 12:52:03</tanggalFetch><judul>Belimbing Wuluh Antidiabetes</judul><author>by admin trubus</author><isi>Belimbing Wuluh Antidiabetes
Filed in info sehat, Rubrik Tetap by admin trubus on 10/08/2018
Belimbing wuluh berpotensi sebagai obat diabetes mellitus. Evy Kurniawaty dan Eka Endah Lestari dari Fakultas Kedokteran Universitas Lampung membuktikan, belimbing wuluh mampu menurunkan kadar glukosa dalam darah. Kandungan utama belimbing wuluh yaitu flavonoid yang berperan dalam aktivitas farmakologikal berfungsi sebagai antioksidan dan antidiabetes. Flavonoid yang bekerja sebagai antioksidan adalah menekan pembentukan Reactive Oxygen Species (ROS) dengan menghambat enzim dalam pembentukan ROS dan meningkatkan regulasi serta proteksi dari antioksidan.
Baca Juga
Asam Urat Pun Tamat
Lemon Penghalus Wajah
Zaitun Perata Kuku
Ibu Menyusui, Konsumsilah Jantung
Sirsak Pendamping Kemoterapi
Kunyit untuk Hepatitis
JASA TEBU
Nutrisi Tanaman Hias
Mimbar Pembaca Oktober 2018
Seleksi Indukan Unggul</isi></data>