<?xml version='1.0' encoding='utf-8'?>
<data><tanggalPost>16 November </tanggalPost><tanggalFetch>28/03/2020 22:46:58</tanggalFetch><judul>Bencana Iklim Mendominasi Dunia</judul><author>-</author><isi>Sebanyak 1,8 miliar penduduk negara berkembang terdampak oleh bencana alam dalam sepuluh tahun terakhir.
94% dari jenis bencana alam tersebut adalah bencana yang terkait dengan perubahan iklim yang menyumbang 64% kerugian akibat bencana alam. Mari belajar, membaca dan beraksi untuk mengurangi risiko perubahan iklim.
Redaksi Hijauku.com</isi></data>